menu_start_game_0|Üdvözöllek a Mount & Blade-ben, kalandor! Mielőtt belekezdenél, alkoss magadnak egy karaktert! A játékban bemutatott tradicionális középkori társadalmakban a harci és politikai tisztségeket általában nemes férfiak töltötték be. Ez természetesen nem azt jelenti, hogy a játékhoz nem választhatsz női hőst, vagy közembert. A játék kezdetén a nemesek könnyebben jutnak előrébb, de ugyanúgy elérhető marad az összes cél a nők és a polgárok számára is - egy nagyobb kihívást rejtő kezdet után a játék is sokkal érdekesebb és izgalmasabb lehet.
mno_continue|Folytatás...
mno_go_back|Vissza
menu_start_phase_2|Történeteket hallasz Calradiáról, az egymással harcoló rivális királyságok földjéről, lovagok és zsoldosok, bérgyilkosok és kalandorok lakhelyéről, ahol mindenki az életét kockáztatja a gazdagságért, ahol csak a pénz, a hatalom és a dicsőség számít... Hiszel benne, hogy ezen a nagy veszélyeket rejtegető, ugyanakkor nagy lehetőségekkel is kecsegtető földön múltadat hátrahagyva új életet kezdhetsz. Úgy érzed, jövőd kulcsát a kezedben tartva, szabadon választhatod meg, mit miért teszel, és bárhogyan is lesz, nagyszerű kalandok elé nézel. A Calradiáról és királyságairól hallott történetektől megbabonázva... 
mno_town_1|egy karavánhoz csatlakozol, ami Pravenbe, a Swadiai Királyságba tart.
mno_town_2|egy karavánnal Reyvadinba utazol, a Vaegir Királyságba.
mno_town_3|egy karavánnal Tulgába utazol, a Khergit Kánságba.
mno_town_4|Sargothba hajózol, a Nord Királyságba.
mno_town_5|Jelkalába hajózol, a Rhodok Királyságba.
mno_town_6|egy karavánnal Sharizba, a Sarranida Szultánságba utazol.
menu_start_game_3|Válassz kerettörténetet:
mno_go_back|Vissza
menu_tutorial|Egy rétre érkezel, ahol a helyiek épp a fegyverforgatást gyakorolják. Ha csatlakozol, fejlesztheted harci képességeidet. 
mno_continue|Folytatás...
mno_go_back_dot|Vissza
menu_reports|A hős hírneve: {reg5}^Megbecsültség: {reg6}^Sereg harci szelleme: {reg8}^Sereg maximális létszáma: {reg7}^
mno_view_character_report|Karakterjelentés megtekintése.
mno_view_party_size_report|Sereg létszámáról készült jelentés megtekintése.
mno_view_npc_mission_report|Társak küldetéseiről készült jelentés megtekintése.
mno_view_weekly_budget_report|Heti pénzügyi jelentés megtekintése.
mno_view_morale_report|Sereg harci szelleméről készült jelentés megtekintése
mno_lord_relations|A rokoni kapcsolatban lévő urak listájának megtekintése.
mno_courtship_relations|Udvarlási viszonyok megtekintése.
mno_view_faction_relations_report|Érdekcsoportok közötti viszonyok megtekintése.
mno_resume_travelling|Utazás folytatása.
menu_custom_battle_scene|(NO TRANS)
menu_custom_battle_end|A csata véget ért. {s1} Sereged {reg5} ellenséget mészárolt le, miközben {reg6} egységet veszített a küzdelem során. . Személyesen {reg7} embert öltél meg a harcban. 
mno_continue|Folytatás.
menu_start_game_1|Válaszd ki a hősöd nemét!
mno_start_male|Férfi
mno_start_female|Nő
mno_go_back|Vissza
menu_start_character_1|Sok évvel ezelőtt jöttél világra, egy messzi országban. Apád valaha...
mno_start_noble|elszegényedett nemes volt.
mno_start_merchant|utazó kereskedő volt.
mno_start_guard|sokat megélt katona volt.
mno_start_forester|vadász volt.
mno_start_nomad|pusztai nomád volt.
mno_start_thief|tolvaj volt.
mno_go_back|Vissza
menu_start_character_2|{s10}^^ Alighogy járni és beszélni tudtál, már élénken tanulmányoztad a téged körülvevő világot. Fiatalkorodban... 
mno_page|apródként szolgáltál egy nemes úr udvarában.
mno_apprentice|kézműves-inasként dolgoztál.
mno_stockboy|bolti eladó voltál.
mno_urchin|utcagyerekként éltél.
mno_nomad|a pusztában éltél.
mno_go_back|Vissza.
menu_start_character_3|{s11}^^ Felnőtté válásod természetesen változásokat hozott. Ekkor vált belőled...
mno_squire|földesúr.
mno_lady|udvarhölgy.
mno_troubadour|trubadúr.
mno_student|egyetemi hallgató.
mno_peddler|házaló kereskedő.
mno_craftsman|kovács.
mno_poacher|orvvadász.
mno_go_back|Vissza.
menu_start_character_4|{s12}^^De hamarosan mindent hátrahagyva úgy határoztál, ezentúl kalandozóként próbálsz érvényesülni. Döntésedben jelentős szerepet játszott... 
mno_revenge|a személyes bosszú.
mno_death|kedvesed elvesztése.
mno_wanderlust|a vándorlás utáni vágy.
mno_disown|hogy elüldöztek otthonodból.
mno_greed|a pénzéhség és a hatalomvágy.
mno_go_back|Vissza.
menu_choose_skill|{s13}
mno_begin_adventuring|Kezdd meg a kalandor életedet és indulj el a sorsod útján.
mno_go_back_dot|Vissza.
menu_past_life_explanation|{s3}
mno_view_next|{s5}
mno_continue|Folytatás...
mno_go_back_dot|Vissza.
menu_morale_report|{s1}
mno_continue|Folytatás...
menu_courtship_relations|{s1}
mno_continue|Folytatás...
menu_lord_relations|{s1}
mno_continue|Folytatás...
menu_companion_report|{s7}{s1}
mno_continue|Folytatás...
menu_character_report|{s9}
mno_continue|Folytatás...
menu_party_size_report|{s1}
mno_continue|Folytatás...
menu_faction_relations_report|{s1}
mno_continue|Folytatás...
menu_camp|Letáboroztál. Mi legyen a következő lépés?
mno_camp_action|Válaszd ki, mit teszel.
mno_camp_wait_here|Várakozás.
mno_camp_cheat|CSALÁS MENÜ
mno_resume_travelling|Utazás folytatása.
menu_camp_cheat|Válassz csalást!
mno_camp_cheat_find_item|Eszköz keresése...
mno_camp_cheat_find_item|Időjárás megváltoztatása...
menu_camp_action|Válaszd ki, mit teszel:
mno_camp_recruit_prisoners|A foglyok egy részének felvétele a seregedbe.
mno_action_read_book|Válassz könyvet az olvasáshoz.
mno_action_rename_kingdom|Királyságod átnevezése.
mno_action_retire|A kalandozás befejezése.
mno_camp_action_4|Vissza a táborozás menühöz.
menu_camp_recruit_prisoners|Szabadság felajánlása a foglyaidnak arra az esetre, ha katonaként csatlakoznak seregedhez. {s18}
mno_camp_recruit_prisoners_accept|Felvétel.
mno_camp_recruit_prisoners_reject|Elutasítás.
mno_continue|Vissza.
menu_camp_no_prisoners|Nincs felvehető foglyod.
mno_continue|Folytatás...
menu_camp_action_read_book|Válaszd ki, melyik könyvet olvasnád el:
mno_action_read_book_1|{s1}.
mno_action_read_book_2|{s1}.
mno_action_read_book_3|{s1}.
mno_action_read_book_4|{s1}.
mno_action_read_book_5|{s1}.
mno_action_read_book_6|{s1}.
mno_action_read_book_7|{s1}.
mno_camp_action_4|Vissza a táborozás menühöz.
menu_camp_action_read_book_start|{s1}
mno_continue|Folytatás...
menu_retirement_verify|Napok száma: {reg0}. Szerencse-értéked: {reg1}. Biztos, hogy visszavonulsz?
mno_retire_yes|Igen.
mno_retire_no|Nem.
menu_end_game|Meghoztad a nagy döntést: letelepedsz és nem folytatod tovább a kalandozást. Miután minden fegyvert és felszerelést eladtál, a pénzt felmarkolva belelovagolsz a naplementébe...
mno_end_game_bye|Ég veled!
menu_cattle_herd|Marhagulyával találkoztál.
mno_cattle_drive_away|A marha továbbhajtása.
mno_cattle_stop|A gulya megállítása.
mno_cattle_kill|Néhány jószág levágása.
mno_leave|Helyszín elhagyása.
menu_cattle_herd_kill|Hány marhát kívánsz levágni?
mno_cattle_kill_1|Egyet.
mno_cattle_kill_2|Kettőt.
mno_cattle_kill_3|Hármat.
mno_cattle_kill_4|Négyet.
mno_cattle_kill_5|Ötöt.
mno_go_back_dot|Vissza.
menu_arena_duel_fight|Ellenfeleddel mindketten felkészültök a párbajra.
mno_continue|Folytatás...
mno_continue|Folytatás...
menu_simple_encounter|{s2} {reg10} egységed áll készen a csatára, ellenfeled {reg11} egységével szemben.
mno_encounter_attack|Roham elrendelése.
mno_encounter_order_attack|Támadás nélküled.
mno_encounter_leave|Helyszín elhagyása.
mno_encounter_retreat|Visszavonulás, miközben néhány egység fedezi a visszavonulókat.
mno_encounter_surrender|Megadod magad.
menu_encounter_retreat_confirm|Mint a sereg legérettebb és legtaktikusabb stratégája, ({reg2}), {reg3?kieszelted:{s3} kieszelte} hogy miként menthetitek meg életeteket néhány emberetekkel, de ennek érdekében {reg4} katonát hátra kell hagynotok, hogy fedezzék a visszavonulást.
mno_leave_behind|Folytatás. E derék emberek áldozata megmenti a többieket.
mno_dont_leave_behind|Mégsem. Senkit nem hagyunk hátra!
menu_encounter_retreat|{reg4} egységednek adsz parancsot a harcra, miközben sereged fennmaradó részre visszavonul.
mno_continue|Folytatás...
menu_order_attack_begin|Sereged felkészül a támadásra.
mno_order_attack_begin|Támadás megkezdése.
mno_call_back|Visszahívás.
menu_order_attack_2|{s4}^^Veszteségeid: {s8}^^Ellenséges veszteségek: {s9}
mno_order_attack_continue|Támadás folytatásának elrendelése.
mno_order_retreat|Katonák visszahívása.
mno_continue|Folytatás...
menu_battle_debrief|{s11}^^Veszteségeid:{s8}{s10}^^Ellenséges veszteségek:{s9}
mno_continue|Folytatás...
menu_total_victory|Nem kellene ezt olvasnod... {s9}
mno_continue|Folytatás...
menu_enemy_slipped_away|{s17}
mno_continue|Folytatás...
menu_permanent_damage|{s0}
mno_s0|{s0}
menu_pre_join|Csata mezejére léptél. A résztvevők: {s2} és {s1}. Mit teszel?
mno_pre_join_help_attackers|Beavatkozás {s2} oldalán.
mno_pre_join_help_defenders|{s1} megsegítése.
mno_pre_join_leave|Küzdelembe avatkozás kerülése.
menu_join_battle|{s2} oldalán avatkoztál a harcba {s1} ellen. {reg10} egységed áll készen az ütközetre, szemben az ellenfél {reg11} egységével.
mno_join_attack|Támadás elrendelése.
mno_join_order_attack|Támadás elrendelés részvételed nélkül.
mno_join_leave|Helyszín elhagyása.
menu_join_order_attack|{s4}^^Veszteségeid: {s8}^^Szövetséges veszteségek: {s9}^^Ellenséges veszteségek: {s10}
mno_continue|Folytatás...
menu_zendar|Zendar városába érkeztél.
mno_zendar_enter|
mno_zendar_enter_door|A városközpont kapuja.
mno_zendar_tavern|
mno_zendar_tavern_door|A fogadó ajtaja.
mno_zendar_merchant|
mno_zendar_merchant_door|A szatócsbolt ajtaja.
mno_zendar_arena|
mno_zendar_arena_door|A küzdőtér kapuja.
mno_town_1_leave|
menu_salt_mine|A sóbányába érkeztél.
mno_enter|Belépés.
mno_leave|Helyszín elhagyása.
menu_four_ways_inn|Megérkeztél a Négy Égtáj Fogadóba.
mno_enter|Belépés.
mno_leave|Helyszín elhagyása.
menu_test_scene|Megérkeztél a gyakorlás helyszínére.
mno_enter|Belépés 1.
mno_enter|Belépés 2.
mno_enter|Belépés 3.
mno_enter|Belépés 4.
mno_enter|Belépés 5.
mno_enter|Belépés 6.
mno_enter|Belépés 7.
mno_enter|Belépés 8.
mno_enter|Belépés 9.
mno_leave|Helyszín elhagyása.
mno_leave|Helyszín elhagyása.
menu_dhorak_keep|Megérkeztél a Dhorak erődhöz.
mno_enter|Belépés.
mno_leave|Helyszín elhagyása.
menu_join_siege_outside|{s1} várát ostrom alá vette {s2}.
mno_approach_besiegers|Az ostromlók táborának megközelítése.
mno_pass_through_siege|Behatolás az ostromzáron keresztül {s1} várába.
mno_leave|Helyszín elhagyása.
menu_cut_siege_without_fight|Az ostromlók ellenállás nélkül engednek tovább a kapukhoz.
mno_continue|Folytatás...
menu_besiegers_camp_with_allies|{s1} továbbra is ostrom alatt áll. {s2} lobogói lengenek az ostromlók tábora felett, ahol embereiddel szíves fogadtatásban részesülsz.
mno_talk_to_siege_commander|Parancsnok meghívása tárgyalásra.
mno_join_siege_with_allies|Csatlakozás a következő rohamhoz.
mno_join_siege_stay_back|Parancs adása katonáidnak, hogy csatlakozzanak a következő rohamhoz nélküled.
mno_leave|Helyszín elhagyása.
menu_castle_outside|{s2} előtt állsz.{s11} {s3} {s4}
mno_approach_gates|Kapu megközelítése és a védők köszöntése.
mno_town_sneak|Álca alatt belopakodsz ide: {s7}.
mno_castle_start_siege|{reg6?városának:várának} ostrom alá vétele.
mno_castle_leave|Helyszín elhagyása.
menu_castle_guard|Megközelíted a kaput. A falakon állók árgus szemekkel figyelnek.
mno_request_shelter|Engedély kérése a várba történő belépésre.
mno_request_meeting_commander|Engedély kérése tárgyalásra.
mno_guard_leave|Helyszín elhagyása.
menu_castle_entry_granted|Rövid várakozást követően az őrök megnyitják a kaput és seregeddel együtt beengednek.
mno_continue|Folytatás...
menu_castle_entry_denied|A vár ura megtiltotta számodra a belépést, és az őrök vezetője figyelmeztet, hogy amennyiben egy tapodtat is közelebb mégy, emberei tüzet fognak nyitni.
mno_continue|Folytatás...
menu_castle_meeting|Kivel akarsz tárgyalni?
mno_guard_meet_s5|{s5}.
mno_guard_meet_s5|{s5}.
mno_guard_meet_s5|{s5}.
mno_guard_meet_s5|{s5}.
mno_forget_it|Hagyjuk.
menu_castle_meeting_selected|Kérésedet továbbították, így végül {s6} tűnik fel az udvarban, készen a tárgyalásra. 
mno_continue|Folytatás...
menu_castle_besiege|Ostrom alá veszed az alábbi helyet: {s1}. {s2} {s3}
mno_siege_request_meeting|Találkozó kérése a várparancsnoktól.
mno_wait_24_hours|Várakozás holnapig.
mno_castle_lead_attack|Katonáid rohamra vezetése.
mno_attack_stay_back|Roham elrendelése hátulról szemlélve az eseményeket...
mno_build_ladders|Létrák előkészítése a falak bevételéhez.
mno_build_siege_tower|Ostromtorony építése.
mno_lift_siege|Ostrom elhalasztása.
menu_siege_attack_meets_sally|A védők kitörnek rohamotok fogadására.
mno_continue|Folytatás...
menu_castle_besiege_inner_battle|{s1}
mno_continue|Folytatás...
menu_construct_ladders|Mint a sereg legnagyobb mérnöki tudással rendelkező tagja, ({reg2}), {reg3?úgy becsülöd:{s3} úgy becsüli}, hogy {reg4} órát fog igénybe venni elegendő számú ostromlétra elkészítése a rohamhoz...
mno_build_ladders_cont|Menjen.
mno_go_back|Vissza.
menu_construct_siege_tower|Mint a sereg legnagyobb mérnöki tudással rendelkező tagja, ({reg2}), {reg3?úgy becsülöd:{s3} úgy becsüli}, hogy az ostromtorony megépítése {reg4} órát vesz igénybe.
mno_build_siege_tower_cont|Építés megkezdése.
mno_go_back|Vissza.
menu_castle_attack_walls_simulate|{s4}^^Veszteségeid:{s8}^^Ellenséges veszteségek: {s9}
mno_continue|Folytatás...
menu_castle_attack_walls_with_allies_simulate|{s4}^^Veszteségeid: {s8}^^Szövetséges veszteségek: {s9}^^Ellenséges veszteségek: {s10}
mno_continue|Folytatás...
menu_castle_taken_by_friends|Nincs itt semmi látnivaló.
menu_castle_taken|{s3} elesett, így most már teljesen irányításod alatt tartod a {reg2?várost:várat}.{reg1? Meg is kezdheted csapataid állomásoztatását itt, hogy megvédd az ellenségektől, akik lehet, hogy megpróbálják visszafoglalni. Azt is el kell most döntened, hogy megtartod a {reg2?várost:várat} magadnak, vagy egy hű vazallusodnak adományozod...:}
mno_continue|Folytatás...
menu_castle_taken_2|{s3} elesett, így immár a vár egésze kezedben van. Itt az ideje, hogy {s9} értesüljön győzelmedről. {s5}
mno_castle_taken_claim|{s3} igénylése jutalom gyanánt.
mno_castle_taken_claim_2| {s3} {feleségül/férjül} kérése jutalom gyanánt.
mno_castle_taken_no_claim|Jutalomkérés mellőzése.
menu_requested_castle_granted_to_player|Üzenetet kapsz, a feladója hűbérurad, {s3}.^^ {reg4?Úgy:Úgy} határozott, hogy neked adományozza {s2}{reg3? birtokát és a közeli {s4} falut:}  minden ezzel járó címmel és jövedelemmel egyetemben, hogy {reg4?nevében:nevében} kormányozd, míg hűbéresküdhöz híven szolgálod őt.
mno_continue|Folytatás.
menu_requested_castle_granted_to_player_husband|Üzenetet kapsz, feladója hűbérurad, {s3}.^^ {reg4?Úgy:Úgy} döntött, hogy férjed, {s7} tulajdonába adja {s2}{reg3? birtokát és a közeli {s4}:falut}.
mno_continue|Folytatás.
menu_requested_castle_granted_to_another|Üzenetet küldött számodra uralkodód, {s3}.^^ 'Nagy örömmel értesültem {s2} bevételekor tanúsított hősies helytállásodról. Diadalod megörvendeztette szívünket. Kérted, hogy adományozzam neked a vár tulajdonjogát, azonban félek, nem áll módomban e kegyet gyakorolni feléd, tekintettel arra, hogy már így is jelentős birtokokkal bírsz országomban. Helyette kérlek fogadj el  {reg6} dénárt hadjáratod költségeinek fedezetére. Egyúttal tájékoztatlak, hogy {s2} várát {s5} részére adományozom.' 
mno_accept_decision|A döntés elfogadása.
mno_leave_faction|Csúnyán rászedtek! Hűbéruradnak tett eskü megtagadása.
menu_requested_castle_granted_to_another_female|Üzeneted érkezik, feladója uralkodód:, {s3}.^^ 'Örömmel hallottam bátor tetteidről {s2} elfoglalásakor. Diadalod megörvendeztette mindannyiunk szívét. Kértél, hogy a várat bocsássam férjed tulajdonába, ám ez olyan kegy, amelyet nem gyakorolhatok, mivel már így is jelentős földbirtokokkal rendelkezik birodalmamban. Ellentételezésképpen fogadd el e {reg6} dénárt hadjáratod költségeinek fedezésére, azonban {s2} várát {s5} birtokába adom.' 
mno_accept_decision|Döntés elfogadása.
menu_leave_faction|Az eskü megtagadása súlyos vétek. Urad elítélhet és megfoszthat tulajdonodtól és földjeidtől. Ugyanakkor, ha önként átadod neki azokat, lehetséges, hogy eltekint az árulás megtorlásától.
mno_leave_faction_give_back|Esküd megtagadása és vagyonod visszaadása.
mno_leave_faction_hold|Esküd megtagadása, területeid, így {s2} saját neveden tartása mellett.
mno_leave_faction_cancel|A döntés elfogadása, megerősítve hűségedet.
menu_give_center_to_player|Urad felajánlja birtokaid kiterjesztését. {s1} üzenetben tájékoztat arról, hogy hűséged jutalmául neked kívánja adományozni {s2} várát, így növelve birtokaidat. Mi a válaszod?
mno_give_center_to_player_accept|Adomány elfogadása.
mno_give_center_to_player_reject|Elutasítás. Nem áll érdekedben {s2} birtokba vétele.
menu_give_center_to_player_2|Rövid ceremóniát követően hivatalosan is {s2}{reg3? és a közeli {s4} falu:} új urának nyilvánítanak. {reg3?Az:Az} új terület remekül kiegészíti jelenlegi uradalmadat. Immár igényt tarthatsz itteni földjeid jövedelmeire, katonákat sorozhatsz be a népességből és belátásod szerint szervezheted a birtok mindennapi életét. Ugyanakkor kötelességed megvédeni hűbérbirtokodat és az ott élőket minden veszedelemtől, fenntartani a rendet és kikényszeríteni a törvények betartását.
mno_continue|Folytatás...
menu_oath_fulfilled|Határozott idejű megállapodást kötöttél {s1} szolgálatára. Megállapodásotok lejárt. Mit kívánsz tenni?
mno_renew_oath|{s1} szolgálatára kötött szerződés meghosszabbítása további egy hónappal.
mno_dont_renew_oath|Szabaddá válás.
menu_siege_started_defender|{s1} rohamot indított {s2} falai ellen. {reg10} csatára kész egységed néz szembe az ellenség {reg11} egységével. Döntésed...
mno_siege_defender_join_battle|Csatába avatkozás.
mno_siege_defender_troops_join_battle|Csata levezénylése személyes részvétel mellőzésével.
menu_siege_join_defense|{s4}^^Veszteség: {s8}^^Szövetséges veszteségek: {s9}^^Ellenséges veszteségek: {s10}
mno_continue|Folytatás...
menu_enter_your_own_castle|{s10}
mno_continue|Folytatás...
menu_village|{s10} {s12}^{s11}^{s6}{s7}
mno_village_manage|A falu irányítása.
mno_recruit_volunteers|Önkéntesek toborzása.
mno_village_center|Irány a faluközpont.
mno_village_center_door|A faluközpont kapuja.
mno_village_buy_food|Készletek vásárlása a parasztoktól.
mno_village_attack_bandits|Zsiványok megtámadása.
mno_village_wait|Várakozás.
mno_collect_taxes_qst|{reg5?Adók beszedésének folytatása:Adók begyűjtése} {s1} számára.
mno_train_peasants_against_bandits_qst|Parasztok kiképzése.
mno_village_hostile_action|Ellenséges fellépés.
mno_village_leave|Helyszín elhagyása...
menu_village_hostile_action|Mit kívánsz tenni?
mno_village_take_food|Parasztok kényszerítése készleteik átadására.
mno_village_steal_cattle|Marhák elhajtása.
mno_village_loot|Falu feldúlása és felégetése.
mno_forget_it|Hagyjuk.
menu_recruit_volunteers|{s18}
mno_continue_not_enough_gold|Nincs elég pénzem...
mno_continue|Folytatás...
mno_recruit_them|Felvétel ({reg6} dénár).
mno_forget_it|Hagyjuk.
menu_village_hunt_down_fugitive_defeated|A szökevény egy erős ütéssel leterít, látásod elhomályosul, majd elsötétül. Bizonyos idő elteltével véresen és összeverve térsz magadhoz, de szerencsére sebeid egyike sem tűnik halálosnak. 
mno_continue|Folytatás...
menu_village_infest_bandits_result|{s9}
mno_continue|Folytatás...
menu_village_infestation_removed|Dicső ütközetben embereiddel elűztétek a zsiványokat a faluból, ismét biztonságot teremtve a község népének. Bár a lakosoknak nem sok vagyonuk maradt a sorozatos megpróbáltatások után, felajánlják számodra, amit össze tudtak kuporgatni.
mno_village_bandits_defeated_accept|Jogos jussod elfogadása.
mno_village_bandits_defeated_cont|Visszautasítás, mivel a falu lakói jobban rászorulnak jelenlegi helyzetükben.
menu_center_manage|{s19}^{reg6?^^{s7} építése folyamatban van. Az építkezésből további {reg8} nap van hátra.:}
mno_center_build_manor|Udvarház építése.
mno_center_build_fish_pond|Malom építése.
mno_center_build_watch_tower|Őrtorony építése.
mno_center_build_school|Iskola építése.
mno_center_build_messenger_post|Hirdetőoszlop felállítása.
mno_center_build_prisoner_tower|Tömlöc építése.
mno_go_back_dot|Vissza.
menu_center_improve|{s19} Mint sereged legnagyobb mérnöki tudással rendelkező tagja, ({reg2}), {reg3?úgy becsülöd:{s3} úgy becsüli}, a(z) {s4} megépítése {reg5} dénárba fog kerülni, és {reg6} napot vesz igénybe.
mno_improve_cont|Tovább.
mno_forget_it|Hagyjuk.
mno_improve_not_enough_gold|Nincs elég pénzem erre.
menu_town_bandits_failed|{s4} {s5}
mno_continue|Folytatás...
menu_town_bandits_succeeded|Csapásaidtól hullnak a zsiványok, mint a legyek. Kis idő elteltével már csak egyedül állsz az utcán; többségük eszméletlen, halott, vagy haldoklik. Átkutatva a testeket, találsz egy erszényt, amely feltehetőleg egyik korábbi áldozatuk tulajdona volt. Vagy talán olyan embertől kapták, akinek jól jött volna, ha életed idő előtt véget ér.
mno_continue|Folytatás...
menu_village_steal_cattle_confirm|Mint a sereg fosztogatáshoz leginkább értő tagja, ({reg2}), {reg3?úgy becsülöd:{s1} úgy becsüli}, mintegy {reg4} szarvasmarhát tudtok elhajtani a faluból.
mno_village_steal_cattle_confirm|Tovább.
mno_forget_it|Hagyjuk.
menu_village_steal_cattle|{s1}
mno_continue|Folytatás...
menu_village_take_food_confirm|Nehéz lesz fenyegetéssel arra kényszeríteni a parasztokat, hogy átadják értékes készleteiket. Számításaid szerint legalább egy óra kell hozzá.
mno_village_take_food_confirm|Menjen.
mno_forget_it|Hagyjuk.
menu_village_take_food|A falusiak vonakodva előadják készleteiket.
mno_take_supplies|Készletek elvétele.
mno_let_them_keep_it|Készletek meghagyása a falusiaknál.
menu_village_start_attack|Néhány dühös falusi szerszámot ragadva megpróbál ellenállni. Úgy tűnik, harcolnod kell, ha ragaszkodsz a javakhoz.
mno_village_raid_attack|Támadás.
mno_village_raid_leave|Falu békén hagyása.
menu_village_loot_no_resist|A falusiak kevesen vannak és berezeltek, gyorsan szétszóródnak és elszaladnak előled. A falu sorsa kezedben van.
mno_village_loot|Falu kifosztása és feldúlása.
mno_village_raid_leave|Falu békén hagyása.
menu_village_loot_complete|Utasításod alapján egységeid kifosztják a falut, minden, értékkel bíró holmit magukhoz ragadva, majd felgyújtják az épületeket. A zsákmányolt pénzek és értéktárgyak összesen {reg1} dénárt érnek.
mno_continue|Folytatás...
menu_village_loot_defeat|Bátran és elszántan küzdve a falusiak egymásnak vállvetve elűzik csapataidat.
mno_continue|Folytatás...
menu_village_loot_continue|Folytatod a falu kifosztását?
mno_disembark_yes|Igen.
mno_disembark_no|Nem.
menu_close|Semmi.
menu_town|{s10} {s14}^{s11}{s12}{s13}
mno_castle_castle|A {s1} tróntermébe.
mno_castle_castle_door|A vár kapuja.
mno_join_tournament|Részvétel a tornán.
mno_town_castle|Belépés {s1} várába.
mno_town_castle_door|A vár kapuja.
mno_town_center|Céltalan séta az utcákon.
mno_town_center_door|A városközpont kapuja.
mno_town_tavern|A fogadó meglátogatása.
mno_town_tavern_door|A fogadó ajtaja.
mno_town_merchant|Beszélgetés a kalmárral.
mno_town_merchant_door|A bolt ajtaja.
mno_town_arena|Belépés a küzdőtérre.
mno_town_arena_door|A küzdőtér kapuja.
mno_town_dungeon|Soha: Belépés a börtönbe.
mno_town_dungeon_door|A kazamaták kapuja.
mno_castle_inspect|Séta az udvarban.
mno_castle_inspect_door|A várudvar felé.
mno_town_enterprise|Látogatás: {s3}.
mno_town_enterprise_door|A bolt ajtaja.
mno_visit_lady|Hölgy meglátogatásának megkísérlése
mno_visit_lady_door|Kertre nyíló kapu.
mno_trade_with_merchants|Irány a piac.
mno_walled_center_manage|{reg0?A város:A vár} irányítása.
mno_walled_center_move_court|Az udvartartás áthelyezése ide.
mno_castle_station_troops|Várőrség állomásoztatása itt: {s10}
mno_castle_wait|Várakozás{s1}.
mno_collect_taxes_qst|{reg5?Adók beszedésének folytatása:Adók begyűjtése} {s1} számára.
mno_town_leave|Helyszín elhagyása...
mno_town_leave_door|Környék elhagyása.
menu_cannot_enter_court|A trónteremben lakoma folyik, ám társadalmi helyzeted nem tesz rá méltóvá, hogy bebocsáttatást nyerj. Talán hírneved öregbítése árán bebocsáttatást nyerhetnél, vagy megpróbálhatsz kitűnni egy lovagi tornán, míg folyik a lakoma.
mno_continue|Folytatás
menu_lady_visit|Kit szeretnél meglátogatni?
mno_visit_lady_1|{s12} meglátogatása
mno_visit_lady_2|{s12} meglátogatása
mno_visit_lady_3|{s12} meglátogatása
mno_visit_lady_3_door|Kertre nyíló kapu.
mno_visit_lady_4|{s12} meglátogatása
mno_visit_lady_5|{s12} meglátogatása
mno_visit_lady_6|{s12} meglátogatása
mno_leave|Helyszín elhagyása
menu_town_tournament_lost|Kiestél a lovagi torna további küzdelmeiből.{s8}
mno_continue|Folytatás...
menu_town_tournament_won|Diadalmaskodtál {s3} lovagi tornáján! Büszkeség tölt el, amint a tömeg a nevedet skandálja. A megbecsülés, hírnév és dicsőség mellett győzelmedért {reg9} dénár jutalomban is részesülsz. {s8}
mno_continue|Folytatás...
menu_town_tournament_won_by_another|Mint a mai napon egyedül veretlen {reg3?harcos:férfi}, {s1} nyeri a tornát, és ezzel övé a dicsőség.
mno_continue|Folytatás...
menu_town_tournament|{s1} Továbbra is versenyben vagy a torna {reg0}. fordulójában, ahol még {reg1} résztvevő van versenyben. A következő körben {reg2} csapat csap össze, egyenként {reg3} {reg4?harcos:harcos} részvételével.
mno_tournament_view_participants|Résztvevők megtekintése
mno_tournament_bet|Fogadás saját győzelmedre
mno_tournament_join_next_fight|Részvétel a következő kör küzdelmeiben
mno_leave_tournament|Felhagyás a részvétellel
menu_tournament_withdraw_verify|Biztos, hogy felhagysz a tornán való részvétellel?
mno_tournament_withdraw_yes|Igen. Ez az egész csak értelmetlen hivalkodás.
mno_tournament_withdraw_no|Nem, addig semmiképp, amíg  egy kis esély is van a győzelemre!
menu_tournament_bet|Nyerési esélyeid a következők: {reg5} : {reg6}.{reg1? Már feltettél {reg1} dénárt magadra, ha nyersz, így {reg2} dénárt kapsz vissza.:} Mennyit szeretnél kockáztatni?
mno_bet_100_denars|100 dénárt.
mno_bet_50_denars|50 dénárt.
mno_bet_20_denars|20 dénárt.
mno_bet_10_denars|10 dénárt.
mno_bet_5_denars|5 dénárt.
mno_go_back_dot|Vissza.
menu_tournament_bet_confirm|Ha felteszel {reg1} dénárt, {reg2} dénárt tehetsz zsebre győzelmeddel. Így is kockáztatsz?
mno_tournament_bet_accept|Menjen.
mno_tournament_bet_cancel|Hagyjuk.
menu_tournament_participants|Az egyik kikiáltótól megkérded, kik vesznek részt a tornán. Ők:^{s11}
mno_go_back_dot|Vissza.
menu_collect_taxes|Mint sereged kereskedelemhez legtöbbet értő tagja (kereskedelem: {reg2}), {reg3?úgy számolsz:{s1} úgy számol} az adók begyűjtése {reg4} napot vesz igénybe...
mno_start_collecting|Adószedés megkezdése.
mno_collect_later|Adószedés elhalasztása későbbre.
menu_collect_taxes_complete|{reg3} dénár adót gyűjtöttél be {s3} helységből. {s19} elvárja, hogy az összeget eljuttasd hozzá.
mno_continue|Folytatás...
menu_collect_taxes_rebels_killed|Gyors helyzetfelismerésednek és erős karodnak köszönhetően leverted a lázadást. Ezek után bárki kétszer meggondolja, mielőtt lázadni merészelne ellened.
mno_continue|Folytatás...
menu_collect_taxes_failed|Mindössze {reg3} dénár adót tudtál begyűjteni {s3} helységből a lázadás kitörését megelőzően. {s1} nem lesz túl boldog, de a kevés ezüst is jobban megnyugtatja, mint a semmi...
mno_continue|Folytatás...
menu_collect_taxes_revolt_warning|{s3} lakói fel vannak háborodva követeléseiden, és egyszerűen kizsákmányolásnak minősítik azokat. Egyre nyugtalanabbak, és rossz vége lehet, ha továbbra is kötöd az ebet a karóhoz.
mno_continue_collecting_taxes|Figyelmen kívül hagyás és folytatás.
mno_halve_taxes|Követelés megfelezése. ({s1} nem fog örülni)
menu_collect_taxes_revolt|Megzavartak {s3} adóinak beszedése közben. Egy nagyobb csoportnyi dühös {reg9?paraszt:városlakó} egyre közelít, fegyvereket és fáklyákat lóbálva, az eltúlzott adóztatás ellen tiltakozva. Mindenre elszántnak tűnnek.
mno_continue|Folytatás...
menu_train_peasants_against_bandits|Mint a sereg legképzettebb trénere ({reg2}), {reg3?úgy kalkulálsz:{s1} úgy kalkulál} hogy a parasztok összegyűjtése a gyakorláshoz {reg4} órát vesz igénybe.
mno_make_preparation|Kiképzés.
mno_train_later|Kiképzés elhalasztása.
menu_train_peasants_against_bandits_ready|Megtanítod a parasztoknak a hadviselés, a fegyelem és az engedelmesség alapjait. Úgy tűnik, {reg0} {reg1?ember:ember} teljesen megértette a tanultakat, és {reg1?már:már} készen áll a gyakorlásra.
mno_peasant_start_practice|Gyakorlatozás megkezdése.
menu_train_peasants_against_bandits_training_result|{s0}
mno_continue|Folytatás...
menu_train_peasants_against_bandits_attack|A kiképzés folyamán őrszem érkezik a faluból, riadót fújva. Zsiványok tűntek fel a láthatáron, és rohamtempóban közelednek {s3} felé. Az elöljáró könyörögve kér, hogy szervezd meg ellenük a védekezést, és szállj szembe velük.
mno_peasants_against_bandits_attack_resist|Harcra fel!
menu_train_peasants_against_bandits_attack_result|{s9}
mno_continue|Folytatás...
menu_train_peasants_against_bandits_success|A zsiványok feladták! A kevés életben maradt rabló farkát behúzva menekül a parasztok és az új bajnok elől. A falusiaknak nem sok vagyonuk maradt a fosztogatásnak köszönhetően, de azt mind felajánlják számodra hálájuk jeléül.
mno_village_bandits_defeated_accept|Jogos jussod elfogadása.
mno_village_bandits_defeated_cont|Visszautasítás, mivel a falu lakói jobban rászorulnak jelenlegi helyzetükben.
menu_disembark|Partra szállsz?
mno_disembark_yes|Igen.
mno_disembark_no|Nem.
menu_ship_reembark|Hajóra szállsz?
mno_reembark_yes|Igen.
mno_reembark_no|Nem.
menu_center_reports|Város neve: {s1}^Jövedelem: {reg1} dénár^Vámbevétel: {reg2} dénár^Élelmiszerkészlet: {reg3} napra elegendő
mno_to_price_and_productions|Árak és termelés megtekintése.
mno_go_back_dot|Vissza.
menu_price_and_production|Termelt javak:^^(Megjegyzés: alap/nyersanyag-változókkal/anyagok és gazdagság által befolyásolt változókkal)^{s1}^^Árbefolyásoló tényezők:^{s2}
mno_go_back_dot|Vissza.
menu_town_trade|A vásártér felé haladsz.
mno_assess_prices|Helyi árviszonyok tanulmányozása.
mno_trade_with_arms_merchant|Üzletelés a fegyverkereskedővel.
mno_trade_with_armor_merchant|Üzletelés a páncélkereskedővel.
mno_trade_with_horse_merchant|Üzletelés a lókupeccel.
mno_trade_with_goods_merchant|Üzletelés a kalmárral.
mno_back_to_town_menu|Vissza.
menu_town_trade_assessment_begin|Számos, a környék árairól szóló beszélgetést hallgatsz ki.  ^Hegyezed a füled, hogy megtudd, kivel köthetnéd meg a legjobb üzleteket.
mno_continue|Folytatás...
menu_town_trade_assessment|Mint a sereg kereskedelemhez legtöbbet ({reg2}) értő tagja, {reg3?megpróbálod kitalálni:{s1} megpróbálja kitalálni} melyek a legjobban eladható áruk. {s2}
mno_continue|Folytatás...
menu_sneak_into_town_suceeded|Szegény zarándok álruháját öltve megtéveszted az őröket, és bejutsz a városba.
mno_continue|Folytatás...
menu_sneak_into_town_caught|Belopódzás közben az egyik őr felismer és riadót fúj! Ki kell menekülnöd a kapun, még mielőtt a város összes katonája rád vadászna.
mno_sneak_caught_fight|Harc a kijutás érdekében.
mno_sneak_caught_surrender|Megadás.
menu_sneak_into_town_caught_dispersed_guards|Elkergetve az őröket, szabad utat biztosítasz magadnak, könnyedén lerázva üldözőidet a szövevényes utcahálózatban.
mno_continue|Folytatás...
menu_sneak_into_town_caught_ran_away|Átverekszed magad a kapukon és sebesen visszatérsz az oltalmat nyújtó vidékre.{s11}
mno_continue|Folytatás...
menu_enemy_offer_ransom_for_prisoner|{s2} {reg12} ezüstdénárt ajánl fel számodra {s1} átadásáért cserébe.
mno_ransom_accept|Ajánlat elfogadása.
mno_ransom_reject|Ajánlat elutasítása.
menu_training_ground|Megközelíted a kiképzőhelyet, ahol nyugodtan fejlesztheted harci készségeidet. Milyen jellegű kiképzést szeretnél?
mno_camp_trainer|Beszélgetés a kiképzővel.
mno_camp_train_melee|Közelharc gyakorlása.
mno_camp_train_archery|Gyakorlás célzófegyverrel.
mno_camp_train_mounted|Lovas gyakorlatozás.
mno_leave|Helyszín elhagyása.
menu_training_ground_selection_details_melee_1|Hány ellenféllel szeretnél megküzdeni?
mno_camp_train_melee_num_men_1|Egy.
mno_camp_train_melee_num_men_2|Kettő.
mno_camp_train_melee_num_men_3|Három.
mno_camp_train_melee_num_men_4|Négy.
mno_go_back_dot|Mégsem.
menu_training_ground_selection_details_melee_2|Válassz ellenfelet #{reg1}:
mno_s0|{s0}
mno_s0|{s0}
mno_s0|{s0}
mno_s0|{s0}
mno_s0|{s0}
mno_s0|{s0}
mno_s0|{s0}
mno_s0|{s0}
mno_s0|{s0}
mno_s0|{s0}
mno_s0|{s0}
mno_s0|{s0}
mno_s0|{s0}
mno_s0|{s0}
mno_s0|{s0}
mno_s0|{s0}
mno_s0|{s0}
mno_s0|{s0}
mno_s0|{s0}
mno_s0|{s0}
mno_training_ground_selection_details_melee_random|Véletlenszerű választás.
mno_go_back_dot|Vissza.
menu_training_ground_selection_details_mounted|Milyen fegyverrel akarsz gyakorlatozni?
mno_camp_train_mounted_details_1|Egykezes fegyverrel.
mno_camp_train_mounted_details_2|Szálfegyverrel.
mno_camp_train_mounted_details_3|Íjjal.
mno_camp_train_mounted_details_4|Dobófegyverrel.
mno_go_back_dot|Vissza.
menu_training_ground_selection_details_ranged_1|Milyen célzófegyverrel akarsz gyakorlatozni?
mno_camp_train_ranged_weapon_bow|Íjjal és nyilakkal.
mno_camp_train_ranged_weapon_crossbow|Számszeríjjal.
mno_camp_train_ranged_weapon_thrown|Dobókéssel.
mno_go_back_dot|Vissza.
menu_training_ground_selection_details_ranged_2|Milyen távolságról akarsz célozni? 
mno_camp_train_ranged_details_1|10 yard.
mno_camp_train_ranged_details_2|20 yard.
mno_camp_train_ranged_details_3|30 yard.
mno_camp_train_ranged_details_4|40 yard.
mno_camp_train_ranged_details_5|50 yard.
mno_camp_train_ranged_details_6|60 yard.
mno_camp_train_ranged_details_7|70 yard.
mno_go_back_dot|Vissza.
menu_training_ground_description|{s0}
mno_continue|Folytatás...
menu_training_ground_training_result|{s7}{s2}
mno_continue|Folytatás...
menu_marshall_selection_candidate_ask|{s15} hamarosan új marsallt választ {s23} élére. Néhány földesúr a te nevedet is a lehetséges jelöltek között emlegeti.
mno_marshall_candidate_accept|{s15} értesítése, hogy hajlandó vagy elvállalni a marsalli tisztséget.
mno_marshall_candidate_reject|Annak terjesztése, hogy jelenleg meglehetősen elfoglalt vagy. 
menu_captivity_avoid_wilderness|Hirtelen elsötétül előtted a világ. Órákkal később magadhoz térsz a helyen, ahol földre zuhantál. Ellenségeid nyilvánvalóan halottnak hittek és otthagytak. Mindenesetre úgy tűnik, egyik sebed sem halálos, és bár nagyon rosszul érzed magad, járni azért tudsz. Felkelsz, és elkezded felkutatni sereged további túlélőit. .
menu_captivity_start_wilderness|Csonk
menu_captivity_start_wilderness_surrender|Csonk
menu_captivity_start_wilderness_defeat|Ellenségeid foglyul ejtenek.
menu_captivity_start_castle_surrender|Csonk
menu_captivity_start_castle_defeat|Csonk
menu_captivity_start_under_siege_defeat|Ellenségeid foglyul ejtenek.
menu_captivity_wilderness_taken_prisoner|Ellenségeid foglyul ejtenek.
mno_continue|Folytatás...
menu_captivity_wilderness_check|Csonk
menu_captivity_end_wilderness_escape|A fogolylét keserű mindennapjait követően alkalmad nyílik a szökésre és meglógsz fogvatartóidtól.
mno_continue|Folytatás...
menu_captivity_castle_taken_prisoner|Hirtelen őrök vesznek körül és elveszik fegyvereidet. Átkozódások és szitkok közepette tömlöcbe vetnek, ahol a rabok nyomorúságos mindennapjai várnak rád.
mno_continue|Folytatás...
menu_captivity_rescue_lord_taken_prisoner|Ameddig csak tudsz, álcázva maradsz. Az őrök felháborodását csak az általuk rád mért ütések száma és ereje múlja felül, majd - Isten tudja mennyi időre - visszavetnek celládba...
mno_continue|Folytatás...
menu_captivity_castle_check|Csonk
menu_captivity_end_exchanged_with_prisoner|Rabságod napjait követően végre kiszabadulsz, miután fogvatartóid elcserélnek egy másik fogoly ellenében.
mno_continue|Folytatás...
menu_captivity_end_propose_ransom|Hosszú órákat töltesz nyirkos és kivilágítatlan tömlöcödben, többet, mint amennyire számítottál. Hirtelen egyik fogvatartód ajánlattal áll elő, amely szerint {reg5} dénár átadása ellenében szabadon távozhatsz. Döntésed...
mno_captivity_end_ransom_accept|Ajánlat elfogadása.
mno_captivity_end_ransom_deny|Ajánlat elutasítása, jobb lehetőségben reménykedve.
menu_captivity_castle_remain|Egyre múlnak a napok cellád sötét magányában. Próbálsz boldogulni, amennyire lehet, tűrni az őrök állandó szidalmait és ütéseit, miközben alultáplált tested egyre csak sorvad....
mno_continue|Folytatás...
menu_kingdom_army_quest_report_to_army|{s8} üzeni, hogy szívesen venné, ha csatlakoznál induló hadjáratához. Kéri, hogy vigyél magaddal legalább {reg13} egységet a hadseregbe, és utasít, hogy ennek megfelelően toborozz új katonákat, ha serege nem éri el a szükséges mértéket.
mno_continue|Folytatás...
menu_kingdom_army_quest_messenger|{s8} üzeni, hogy beszélni szeretne veled egy elvégzendő feladattal kapcsolatban. Arra kér, hogy a lehető leghamarabb látogasd meg.
mno_continue|Folytatás...
menu_kingdom_army_quest_join_siege_order|{s8} üzeni, hogy csatlakoznod kell {s9} ostromához egy totális támadás keretében. Csapataidnak mindenáron be kell venniük {s9} várát.
mno_continue|Folytatás...
menu_kingdom_army_follow_failed|Nem tartottál {s8} seregével. A tábornok úgy véli, más ügyekben kötelezted el magad, de számított volna a támogatásodra.
mno_continue|Folytatás...
menu_invite_player_to_faction_without_center|Hűbéri ajánlatot kaptál!^^ {s8}, {s9} ura udvari hírnököt küldött, hogy átadja személyes megjelenésedre vonatkozó meghívóját. Abban a megtiszteltetésben részesülsz, hogy {s9} {hűbérura/hűbérúrnője} lehetsz, ennek ellentételezéseként {s8} felkér, hogy tégy neki hűségesküt, és vegyél részt hadjárataiban. Földet és címet viszont nem ígér. Minden bizonnyal sértésnek venné, ha nem fogadod el az ajánlatát...
mno_faction_accept|Ajánlat elfogadása.
mno_faction_reject|Ajánlat elutasítása.
menu_invite_player_to_faction|Hűbéri ajánlatot kaptál!^^ {s8}, {s9} ura udvari hírnököt küldött, hogy átadja személyes megjelenésedre vonatkozó meghívóját. Abban a megtiszteltetésben részesülsz, hogy {s9} {hűbérura/hűbérúrnője} lehetsz , ennek ellentételezéseként {s8} felkér, hogy tégy neki hűségesküt és vegyél részt hadjárataiban, továbbá felajánlja neked {s2} uradalmat szolgálatod megbecsülésének jeléül. Minden bizonnyal sértésnek venné, ha ajánlatát visszautasítod.
mno_faction_accept|Ajánlat elfogadása.
mno_faction_reject|Ajánlat elutasítása.
menu_invite_player_to_faction_accepted|Hogy hűbéres lehess, hűségesküt kell tenned {s3} előtt. Ehhez fel kell keresned, és személyesen kell felesküdnöd előtte. {s5}
mno_continue|Folytatás...
menu_question_peace_offer|Ajánlatot kaptál békekötésre.^^A {s1} nép ajánl neked békét. Mit válaszolsz?
mno_peace_offer_accept|Ajánlat elfogadása
mno_peace_offer_reject|Ajánlat elutasítása
menu_notification_truce_expired|Lejárt a fegyverszünet^^{s1} és {s2} fegyverszünete véget ért.
mno_continue|Folytatás
menu_notification_feast_quest_expired|{s10}
mno_continue|Folytatás
menu_notification_sortie_possible|Ellenséget jelentettek: Ellenséget láttak {s4} falainál, {s5} és mások összecsapásra készülnek. Ha szeretnél, csatlakozhatsz hozzájuk.
mno_continue|Folytatás
menu_notification_casus_belli_expired|A királyság nem válaszol^^ A(z) {s1} királyság nem válaszolt {s2} provokációjára, így {s3} veszített tekintélyéből harciasabb alattvalói körében...^
mno_continue|Folytatás
menu_notification_lord_defects|{s4} kilépett innen: {s5} és csatlakozott ide: {s7} és {reg4?a:a} hűbérbirtokait is magával vitte
mno_continue|Folytatás
menu_notification_treason_indictment|Árulás vádja^^{s9}
mno_continue|Folytatás
menu_notification_border_incident|Határsértés^^Arról szól a fáma, hogy {s9}. Bár nem tudhatod, hogy a igazak-e pletykák, egyet biztosan tudsz: ez a látszólag jelentéktelen esemény felszította a {s4}  szenvedélyt, így már könnyebben vonulnak hadba a(z) {s3} ellen, ha akarnak...
mno_continue|Folytatás
menu_notification_player_faction_active|Immár vannak birtokaid, anélkül, hogy bármelyik királysághoz elkötelezted volna magad. Ez azt jelenti, hogy saját jogú uralkodó vagy, udvarod ideiglenes székhelye: {s12}. Persze Calradia más királyai fenyegetésként tekintenek rád, mivel ha egy jöttment hadúr trónhoz juthatott, az saját legitimitásukat is megkérdőjelezi.^^Kívánatos lenne, hogy elkötelezd magad valamelyik létező királyság mellett. Ha mégis saját jogú, szuverén uralkodó maradsz, első és legfontosabb dolgod az, hogy megalapozd független trónjogodat. Trónjogodat sokféleképpen megalapozhatod: beházasodhatsz egy előkelő családba, új főurakat toborozhatsz, kormányozhatod földjeidet, szövetségre léphetsz más királyokkal, vagy küldetéseket adhatsz társaidnak.^^Mindenesetre, először is társaid közül ki kell nevezned egy kancellárt, aki az államügyeket kezeli. A társaid különböző képességekkel rendelkeznek.^Időről időre új kancellárokat nevezhetsz ki. A kancellárral egyeztetve  udvarod székhelyét is megváltoztathatod.  
mno_appoint_spouse|Feleséged, {s10} kinevezése...
mno_appoint_npc1|{s10} kinevezése
mno_appoint_npc2|{s10} kinevezése
mno_appoint_npc3|{s10} kinevezése
mno_appoint_npc4|{s10} kinevezése
mno_appoint_npc5|{s10} kinevezése
mno_appoint_npc6|{s10} kinevezése
mno_appoint_npc7|{s10} kinevezése
mno_appoint_npc8|{s10} kinevezése
mno_appoint_npc9|{s10} kinevezése
mno_appoint_npc10|{s10} kinevezése
mno_appoint_npc11|{s10} kinevezése
mno_appoint_npc12|{s10} kinevezése
mno_appoint_npc13|{s10} kinevezése
mno_appoint_npc14|{s10} kinevezése
mno_appoint_npc15|{s10} kinevezése
mno_appoint_npc16|{s10} kinevezése
mno_appoint_default|Környékbeli, köztiszteletben álló polgár kinevezése... 
menu_minister_confirm|{s9} udvarodban, {s12} nevű településen található. Rendszeresen egyeztetned kell vele, hogy elkerüld a megoldatlan ügyek felhalmozódását, ami alááshatja tekintélyedet...
mno_continue|Folytatás...
menu_notification_court_lost|{s12}
mno_continue|Folytatás...
menu_notification_player_faction_deactive|Az uradalmad már nem rendelkezik földbirtokkal.
mno_continue|Folytatás...
menu_notification_player_wedding_day|{s8} arról kíván tájékoztatni, hogy esküvőd előkészületei befejeződtek {s10} városában, így kívánatossá vált mihamarabbi megjelenésed.
mno_continue|Folytatás...
menu_notification_player_kingdom_holds_feast|{s11}
mno_continue|Folytatás...
menu_notification_center_under_siege|{s1} várát ostrom alá vette {s2}, {s3} ura!
mno_continue|Folytatás...
menu_notification_village_raided|Ellenségek támadták meg birtokodat^^{s2}, {s3} ura hozzáfogott {s1} kifosztásához.
mno_continue|Folytatás...
menu_notification_village_raid_started|Megtámadták egy falvadat.^^{s2}, {s3} ura {s1} elpusztítására készül.
mno_continue|Folytatás...
menu_notification_one_faction_left|Egy uralkodó kezére került Calradia^^{s1} minden riválisát legyőzve egyesítette a királyságot.
mno_continue|Folytatás...
menu_notification_oath_renounced_faction_defeated|Legyőzted korábbi szövetségeidet^^Csatát nyertél {s1} ellen! Ezzel véget vetettél küzdelmednek, ami hűségesküd megszegésével vette kezdetét.
mno_continue|Folytatás...
menu_notification_center_lost|Birtokot veszítettél^^{s2} elvette tőled {s1} földjét.
mno_continue|Folytatás...
menu_notification_troop_left_players_faction|Árulás!^^{s1} {s2} felé tett esküjét megszegve {s3} oldalára állt.
mno_continue|Folytatás...
menu_notification_troop_joined_players_faction|Jó hírek^^ {s1} {s2} felé tett esküjét megszegve {s3} oldalára állt.
mno_continue|Folytatás...
menu_notification_war_declared|Hadüzenet^^{s1} háborút hirdetett {s2} ellen.
mno_continue|Folytatás...
menu_notification_peace_declared|Békekötés^^{s1} és {s2} békét kötöttek.^{s57}
mno_continue|Folytatás...
menu_notification_faction_defeated|Érdekcsoport felbomlása^^Nincs többé {s1}.
mno_continue|Folytatás...
menu_notification_rebels_switched_to_faction|Győzedelmes lázadás^^ Lázadásod sikerrel járt. Érdekcsoportod immár egyedüli birtokosa a(z) {s11} címnek, {s12} pedig az egyedüli uralkodó.
mno_continue|Folytatás...
menu_notification_player_should_consult|Minisztered üzeni, hogy olyan dolgok készülődnek birodalmadban, amelyek ha kezeletlenül maradnak, alááshatják tekintélyedet. A lehető legkorábban egyeztetned kellene vele.  
mno_continue|Folytatás...
menu_notification_player_feast_in_progress|Ünnepi előkészületek^^Feleséged megkezdte a lakoma előkészületeit {s11}  kastélyodban.
mno_continue|Folytatás...
menu_notification_lady_requests_visit|Idős asszony érkezik csapatodhoz és egyik emberednek átad egy egyszerű viasszal lepecsételt levelet. Neked címezték. Feltöröd a pecsétet és látod, hogy {s15} írta. Tartalma: "Nagyon élveztem a múltkori látogatásodat. {s14}. Jelenlegi tartózkodási helyem: {s10}.{s12}" 
mno_continue|Megmondod az asszonynak, szóljon úrnőjének, hogy hamarosan megérkezel.
mno_continue|Megmondod az asszonynak, szóljon úrnőjének, hogy épp nagyon elfoglalt vagy.
menu_garden|{s12}
mno_enter|Belépés
mno_nurse|A dajka követése
mno_nurse|Várakozás a forrásnál
mno_leave|Helyszín elhagyása
menu_kill_local_merchant_begin|Megpillantod áldozatod és követed őt, figyeled, amikor befordul egy sötét sikátorba. Eljött a legjobb alkalom a támadásra.
mno_continue|Folytatás...
menu_debug_alert_from_s65|DEBUG FIGYELMEZTETÉS: {s65}
mno_continue|Folytatás...
menu_auto_return_to_map|csonk
menu_bandit_lair|{s3}
mno_continue_1|Rejtekhely megtámadása...
mno_leave_no_attack|Távozás...
mno_leave_victory|Folytatás...
mno_leave_defeat|Folytatás...
menu_notification_player_faction_political_issue_resolved|Miután egyeztetett a birodalom főrendjeivel, {s10} úgy döntött,{s11} részére adományozza {s12} birtokát.
mno_continue|Folytatás...
menu_notification_player_faction_political_issue_resolved_for_player|Miután egyeztetett a birodalom főrendjeivel, {s10} úgy döntött,neked adományozza {s12} birtokát. Visszautasíthatod a megbecsülést, de ez valószínűleg azt fogja eredményezni, hogy egy ideig nem számíthatsz jutalomra.{s12}
mno_accept|A megbecsülés elfogadása
mno_decline|A megbecsülés visszautasítása
mno_continue|Folytatás...
menu_start_phase_3|{s16}^^Mire megtaláltad {s1} kocsmáját, jártányi erőd sem maradt, szinte azonnal elaludtál. A nyugodt éjszaka után már a hajnal hasadtakor felébredtél, már alig várod, hogy felderítsd a környéket. Az utcák még csendesek és kihaltak. Hirtelen egy olyan hangot hallasz, amitől a szőr is feláll a hátadon. Egy pengét húztak ki a hüvelyéből...
mno_continue|Folytatás...
menu_start_phase_4|{s11}
mno_continue|Folytatás...
mno_continue|Folytatás...
menu_lost_tavern_duel|{s11}
mno_continue|Folytatás...
menu_establish_court|Ahhoz, hogy {s4} legyen az udvartartásod helyszíne, egy kis rendbe hozásra lesz szükség. Többek között szükséged lesz pár eszközre, és egy vég bársonyra. El kell telnie egy kis időnek, amíg követőid is ideérnek. Szeretnéd folytatni?
mno_establish|Az udvartartás helyszíne {s4} legyen.
mno_continue|Inkább mégsem.
menu_notification_relieved_as_marshal|{s4} szeretne tájékoztatni arról, hogy nincs további szükség tábornoki szolgálataidra. Az elmúlt {reg4} nap bátor tetteire való tekintettel felajánl számodra {reg8} dénárnyi jutalmat.
mno_continue|Folytatás
