menu_start_game_0|Witaj w Mount and Blade: Warband, poszukiwaczu przygód. Zanim rozpoczniesz grę, musisz stworzyć swoją postać. Pamiętaj, że tradycyjne, średniowieczne społeczeństwo, ukazane w niniejszej grze, zdominowane było przez mężczyzn. Nie znaczy to jednak, że nie możesz zagrać kobietą czy postacią niemającą szlachetnej krwi. Mężczyźni ze szlachty mają nieco łatwiejszy początek, ale kobiety i przedstawiciele niższych warstw społecznych mogą w grze osiągnąć to samo, chociaż sam początek rozgrywki będzie większym wyzwaniem.
mno_continue|Kontynuuj...
mno_go_back|Wróć.
menu_start_phase_2|Przybywasz do Calradii, krainy rozdartej pomiędzy królestwa rywalizujące ze sobą o władzę, przystani dla rycerzy i najemników, rzezimieszków i łowców przygód, z których wszyscy zaryzykują życie w pogoni za fortuną, władzą lub sławą... W tym świecie, pełnym niebezpieczeństw i wielkich możliwości, masz nadzieję zapomnieć o swojej przeszłości i rozpocząć nowe życie. Czujesz, że oto wreszcie klucz do twego przeznaczenia leży w twoich rękach, że masz wolny wybór i czekają na ciebie wspaniałe przygody. Z przepełniającymi serce opowieściami o Calradii i jej królestwach...
mno_town_1|...przyłączasz się do karawany zmierzającej do Praven w Królestwie Swadii.
mno_town_2|...przyłączasz się do karawany zmierzającej do Reyvadin w Królestwie Vaegirów.
mno_town_3|...przyłączasz się do karawany zmierzającej do Tulgi w Khanacie Khergickim.
mno_town_4|...wsiadasz na statek zmierzający do Sargoth w Królestwie Nordów.
mno_town_5|...wsiadasz na statek zmierzający do Jelkali w Królestwie Rhodoków.
mno_town_6|...przyłączasz się do karawany zmierzającej do Shariz w Sułtanacie Sarranidzkim.
menu_start_game_3|Wybierz scenariusz:
menu_tutorial|Zbliżasz się do pola, gdzie miejscowi szkolą się we władaniu bronią. Możesz tu poćwiczyć, aby poprawić swoje umiejętności w tym zakresie.
mno_go_back_dot|Wróć.
menu_reports|Reputacja postaci: {reg5}^Wskaźnik honoru: {reg6}^Morale oddziału: {reg8}^Limit wielkości oddziału: {reg7}^
mno_view_character_report|Przejrzyj raport dotyczący postaci.
mno_view_party_size_report|Przejrzyj raport dotyczący wielkości oddziału.
mno_view_npc_mission_report|Przejrzyj raport z misji towarzyszy.
mno_view_weekly_budget_report|Przejrzyj cotygodniowy raport finansowy.
mno_view_morale_report|Przejrzyj raport dotyczący morale oddziału.
mno_lord_relations|Przejrzyj listę znanych władców wedle pokrewieństwa.
mno_courtship_relations|Przejrzyj relacje w konkurach.
mno_view_faction_relations_report|Przejrzyj raport o stosunkach z frakcjami.
mno_resume_travelling|Wznów podróż.
menu_custom_battle_scene|(NO TRANS)
menu_custom_battle_end|Walka dobiegła końca. {s1} Twoje wojska pokonały podczas niej {reg5} wrogów, tracąc przy tym {reg6} ludzi. Z twojej ręki poległo {reg7} przeciwników.
menu_start_game_1|Wybierz płeć swojej postaci.
mno_start_male|Mężczyzna
mno_start_female|Kobieta
menu_start_character_1|{Urodziłeś/Urodziłaś} się wiele lat temu, w odległej krainie. Twój ojciec był...
mno_start_noble|Ubogim arystokratą.
mno_start_merchant|Podróżującym kupcem.
mno_start_guard|Doświadczonym wojownikiem.
mno_start_forester|Myśliwym.
mno_start_nomad|Nomadem stepowym.
mno_start_thief|Złodziejem.
menu_start_character_2|{s10}^^ W twoim przypadku poznawanie otaczającego świata rozpoczęło się jeszcze przed nauką mówienia i chodzenia. Młodzieńcze lata {reg3?spędziłaś:spędziłeś} będąc...
mno_page|{reg3?Służką:Sługą} na dworze arystokraty.
mno_apprentice|{reg3?Uczennicą:Uczniem} rzemieślnika.
mno_stockboy|{reg3?Pomocniczką:Pomocnikiem} w sklepie.
mno_urchin|Dzieckiem ulicy.
mno_nomad|Dzieckiem stepów.
menu_start_character_3|{s11}^^ Potem, po wkroczeniu w dorosłość, życie zmieniło się tak, jak zwykle to ma miejsce. Stajesz się...
mno_squire|{reg3?Przedstawicielką:Przedstawicielem} szlachty.
mno_lady|Damą dworu.
mno_troubadour|{reg3?Muzykantką:Trubadurem}.
mno_student|{Uczniem/Uczennicą} na uniwersytecie.
mno_peddler|Domokrążcą.
mno_craftsman|{reg3?Rzemieślniczką:Kowalem}.
mno_poacher|{reg3?Kłusowniczką:Kłusownikiem}.
menu_start_character_4|{s12}^^Wkrótce jednak wszystko ulega zmianie i decydujesz się zostać prawdziwym łowcą przygód. Powód, dla którego podejmujesz tę decyzję to...
mno_revenge|...osobista zemsta.
mno_death|...utrata ukochanej osoby.
mno_wanderlust|...żądza przygód.
mno_disown|...wyrzucenie z domu.
mno_greed|...żądza pieniędzy i władzy.
menu_choose_skill|{s13}
mno_begin_adventuring|Dołącz do poszukiwaczy przygód i ruszaj do Calradii.
menu_past_life_explanation|{s3}
mno_view_next|{s5}
menu_morale_report|{s1}
menu_courtship_relations|{s1}
menu_lord_relations|{s1}
menu_companion_report|{s7}{s1}
menu_character_report|{s9}
menu_party_size_report|{s1}
menu_faction_relations_report|{s1}
menu_camp|Rozbijasz obóz. Co chcesz zrobić?
mno_camp_action|Wybierz działania.
mno_camp_wait_here|Odpocznij przez jakiś czas.
mno_camp_cheat|MENU OSZUSTW!
menu_camp_cheat|Wybierz oszustwo:
mno_camp_cheat_find_item|Zmień pogodę...
mno_camp_action_4|Wróć do menu obozu.
menu_camp_action|Wybierz działanie:
mno_camp_recruit_prisoners|Zwerbuj część więźniów do drużyny.
mno_action_read_book|Wybierz książkę do przeczytania.
mno_action_rename_kingdom|Zmień nazwę swojego królestwa.
mno_action_retire|Zrezygnuj z wypraw.
menu_camp_recruit_prisoners|Oferujesz swoim więźniom wolność, jeśli zgodzą się dołączyć do ciebie jako żołnierze. {s18}
mno_camp_recruit_prisoners_accept|Zabierz ich.
mno_camp_recruit_prisoners_reject|Odrzuć ich.
menu_camp_no_prisoners|Nie masz więźniów, których mógłbyś zwerbować.
menu_camp_action_read_book|Wybierz książkę do przeczytania:
mno_action_read_book_1|{s1}.
mno_action_read_book_2|{s1}.
mno_action_read_book_3|{s1}.
mno_action_read_book_4|{s1}.
mno_action_read_book_5|{s1}.
mno_action_read_book_6|{s1}.
mno_action_read_book_7|{s1}.
menu_camp_action_read_book_start|{s1}
menu_retirement_verify|Aktualny dzień: {reg0}. Poziom szczęścia: {reg1}. Czy na pewno chcesz odejść?
mno_retire_yes|Tak.
mno_retire_no|Nie.
menu_end_game|Decyzja zapadła... Postanawiasz porzucić życie łowcy przygód i osiedlić się. Sprzedajesz broń oraz zbroję, zbierasz wszystkie pieniądze i wyruszasz ku zachodowi słońca.....
mno_end_game_bye|Żegnaj.
menu_cattle_herd|Napotykasz stado bydła.
mno_cattle_drive_away|Pognaj bydło naprzód.
mno_cattle_stop|Zatrzymaj stado.
mno_cattle_kill|Zabij część zwierząt.
mno_leave|Odejdź.
menu_cattle_herd_kill|Ile zwierząt chcesz zabić?
mno_cattle_kill_1|Jedno.
mno_cattle_kill_2|Dwa.
mno_cattle_kill_3|Trzy.
mno_cattle_kill_4|Cztery.
mno_cattle_kill_5|Pięć.
menu_arena_duel_fight|Wraz ze swoim przeciwnikiem szykujecie się do pojedynku.
menu_simple_encounter|{s2} Stosunek liczebności twojego oddziału do oddziału przeciwnika wynosi {reg10} do {reg11}.
mno_encounter_attack|Zaatakuj wroga.
mno_encounter_order_attack|Rozkaż żołnierzom zaatakować bez ciebie.
mno_encounter_leave|Odejdź.
mno_encounter_retreat|Wycofaj się, pozostawiając kilku żołnierzy osłaniających odwrót.
mno_encounter_surrender|Poddaj się.
menu_encounter_retreat_confirm|Jako członek drużyny o najwyższych umiejętnościach taktycznych, ({reg2}), {reg3?opracowujesz:{s3} opracowuje} plan, który pozwoli tobie i twoim ludziom uciec, konieczne jednak będzie pozostawienie za sobą {reg4} żołnierzy, aby powstrzymali pościg wroga.
mno_leave_behind|Kontynuuj. Poświęcenie tych ludzi pozwoli uratować resztę.
mno_dont_leave_behind|Nie. Nikogo nie zostawimy.
menu_encounter_retreat|Nakazujesz {reg4} żołnierzom, by powstrzymywali wroga, a ty wycofujesz się z resztą drużyny.
menu_order_attack_begin|Twoje oddziały przygotowują się do zaatakowania wroga.
mno_order_attack_begin|Wydaj rozkaz do rozpoczęcia ataku.
mno_call_back|Odwołaj ich.
menu_order_attack_2|{s4}^^Twoje straty: {s8}^^Straty wroga: {s9}
mno_order_attack_continue|Wydaj żołnierzom rozkaz kontynuowania ataku.
mno_order_retreat|Odwołaj swoich żołnierzy.
menu_battle_debrief|{s11}^^Twoje straty:{s8}{s10}^^Straty wroga:{s9}
menu_total_victory|Nie powinieneś tego czytać... {s9}
menu_enemy_slipped_away|{s17}
menu_permanent_damage|{s0}
mno_s0|{s0}
menu_pre_join|Stajesz się świadkiem bitwy, w której walczy {s2} i {s1}. Decydujesz...
mno_pre_join_help_attackers|Wkroczyć, gdyż uważasz, że {s2} potrzebuje wsparcia.
mno_pre_join_help_defenders|Natychmiast wkroczyć, gdyż {s1} potrzebuje wsparcia.
mno_pre_join_leave|Nie wtrącać się do tego konfliktu.
menu_join_battle|{s2} prosi o pomoc w walce. {s1} musi teraz stanąć do walki z waszymi połączonymi siłami. Stosunek liczebności twojego oddziału do oddziału przeciwnika wynosi {reg10} do {reg11}.
mno_join_attack|Zaatakuj wroga.
mno_join_order_attack|Rozkaż atak wraz z sojusznikami, kiedy ty pozostaniesz w tyle.
mno_join_leave|Odejdź.
menu_join_order_attack|{s4}^^Twoje straty: {s8}^^Straty sojusznika: {s9}^^Straty wroga: {s10}
menu_zendar|Wkraczasz do miasta Zendar.
mno_zendar_enter| 
mno_zendar_enter_door|Drzwi do centrum miasta.
mno_zendar_tavern| 
mno_zendar_tavern_door|Drzwi do tawerny.
mno_zendar_merchant| 
mno_zendar_merchant_door|Drzwi do sklepu kupca.
mno_zendar_arena| 
mno_zendar_arena_door|Drzwi na arenę.
mno_town_1_leave| 
menu_salt_mine|Wkraczasz do kopalni soli.
mno_enter|Wejdź.
menu_four_ways_inn|Przybywasz do Gospody ''Cztery Trakty''.
menu_test_scene|Wchodzisz na scenę testową.
menu_dhorak_keep|Wchodzisz do Twierdzy Dhorak.
menu_join_siege_outside|{s2} oblega właśnie {s1}.
mno_approach_besiegers|Zbliż się do obozu oblegających.
mno_pass_through_siege|Przedostań się przez linie oblężenia do miejscowości {s1}.
menu_cut_siege_without_fight|Oblegający pozwalają ci podejść do bramy, nie atakując cię.
menu_besiegers_camp_with_allies|{s1} pozostaje pod oblężeniem. Sztandary, które świadczą, iż to {s2} jest najeźdźcą, powiewają nad obozem oblegających, gdzie czeka ciebie i twoich ludzi serdeczne powitanie.
mno_talk_to_siege_commander|Poproś o spotkanie z dowódcą.
mno_join_siege_with_allies|Dołącz do następnego szturmu.
mno_join_siege_stay_back|Wydaj rozkaz żołnierzom, by dołączyli bez ciebie do następnego szturmu.
menu_castle_outside|Przed tobą góruje {s2}.{s11} {s3} {s4}
mno_approach_gates|Podejdź do bram i przywitaj się ze strażami.
mno_town_sneak|Przebierz się i spróbuj przedostać się za mury miejscowości {s7}
mno_castle_start_siege|Rozpocznij oblężenie {reg6?miasta:zamku}.
mno_castle_leave|Odejdź.
menu_castle_guard|Zbliżasz się do bramy. Ludzie na murach obserwują cię uważnie.
mno_request_shelter|Poproś o możliwość wejścia do zamku.
mno_request_meeting_commander|Poproś o spotkanie z kimś.
mno_guard_leave|Odejdź.
menu_castle_entry_granted|Po krótkim oczekiwaniu straże otwierają bramy i pozwalają wam wejść.
menu_castle_entry_denied|Właściciel zamku zakazał wejścia, a dowódca straży poinformował cię, że jego ludzie zaczną strzelać, jeśli podejdziesz bliżej.
menu_castle_meeting|Z kim chcesz się spotkać?
mno_guard_meet_s5|{s5}.
mno_forget_it|Zrezygnuj.
menu_castle_meeting_selected|Twoja prośba o spotkanie omawiana jest wewnątrz, lecz w końcu {s6} pojawia się na dziedzińcu, by z tobą porozmawiać.
menu_castle_besiege|Oblegasz {s1}. {s2} {s3}
mno_siege_request_meeting|Poproś o spotkanie z dowódcą zamku.
mno_wait_24_hours|Zaczekaj do jutra.
mno_castle_lead_attack|Poprowadź żołnierzy do szturmu.
mno_attack_stay_back|Wydaj żołnierzom rozkaz ataku, zostając na tyłach...
mno_build_ladders|Przygotuj drabiny do ataku na mury.
mno_build_siege_tower|Zbuduj wieżę oblężniczą.
mno_lift_siege|Porzuć oblężenie.
menu_siege_attack_meets_sally|Obrońcy wychodzą na przeciw twojemu szturmowi.
menu_castle_besiege_inner_battle|{s1}
menu_construct_ladders|Jako członek drużyny o najwyższych umiejętnościach inżynieryjnych ({reg2}) {reg3?oceniasz:{s3} ocenia}, że zbudowanie odpowiedniej liczby drabin oblężniczych potrwa {reg4} godz.
mno_build_ladders_cont|Zrób to.
menu_construct_siege_tower|Jako członek drużyny o najwyższych umiejętnościach inżynieryjnych ({reg2}) {reg3?oceniasz:{s3} ocenia}, że zbudowanie wieży oblężniczej potrwa {reg4} godz.
mno_build_siege_tower_cont|Rozpocznij budowę.
menu_castle_attack_walls_simulate|{s4}^^Twoje straty:{s8}^^Straty wroga: {s9}
menu_castle_attack_walls_with_allies_simulate|{s4}^^Twoje straty: {s8}^^Straty sojusznika: {s9}^^Straty wroga: {s10}
menu_castle_taken_by_friends|Nie ma tu nic ciekawego.
menu_castle_taken|{s3} pada pod naporem twoich żołnierzy, a ty przejmujesz pełną władzę nad {reg2?miastem:zamkiem}.{reg1? Możesz umieścić tu wojsko, aby bronić go przed wrogiem, który chciałby dokonać kontrataku. Powin{ieneś/naś} też wybrać, czy sa{m/ma} będziesz władać {reg2?miastem:zamkiem}, czy raczej zajmie się nim wierny wasal...:}
menu_castle_taken_2|{s3} pada pod naporem twoich żołnierzy, a ty przejmujesz pełną władzę nad zamkiem. Czas, aby {s9} dowiedział się o twoim zwycięstwie. {s5}
mno_castle_taken_claim|Poproś o {s3} w ramach nagrody.
mno_castle_taken_claim_2|Zażądaj, by {s3} przyznano {twojemu mężowi/twojej żonie}.
mno_castle_taken_no_claim|Nie proś o nagrody.
menu_requested_castle_granted_to_player|Otrzymujesz wiadomość od swojego suzerena, {s3}.^^ {reg4?Zdecydowała:Zdecydował}, by przekazać tobie {s2}{reg3? oraz pobliską wioskę {s4}:} wraz z wszelkimi przychodami i tytułami, aby {reg4?jej:jego} imię pozostało głośne tak długo, jak będziesz okazywać wierność..
menu_requested_castle_granted_to_player_husband|Otrzymujesz wiadomość od swojego wasala, {s3}.^^ {reg4?Ona:On} postanawia przekazać {s2}{reg3? i pobliską wioskę {s4}:} twojemu mężowi, którym jest {s7}.
menu_requested_castle_granted_to_another|Otrzymujesz wiadomość od swojego monarchy ({s3}).^^ ''Wielką przyjemnością było usłyszeć o tym, jak udało ci się zdobyć: {s2}. Twoje zwycięstwo tchnęło radość w nasze serca. Otrzymałem również twoją prośbę związaną z przekazaniem ci zamku, lecz obawiam się, że nie mogę spełnić tej prośby, ponieważ już posiadasz ważne posiadłości w moim królestwie. Zamiast tego wysyłam ci {reg6} denarów na pokrycie kosztów kampanii, lecz {s2} trafi w ręcę osoby o imieniu {s5}.'' 
mno_accept_decision|Przyjmij decyzję.
mno_leave_faction|Pokrzywdzono cię! Wyrzeknij się wierności względem swojego suzerena! 
menu_requested_castle_granted_to_another_female|Otrzymujesz wiadomość od swojego monarchy, {s3}.^^ ''Wielką przyjemnością było usłyszeć, że {s2} został pojmany dzięki twojej pomocy. Twoje zwycięstwo tchnęło radość w nasze serca. Otrzymałem również twoją prośbę, związaną z przekazaniem zamku twojemu małżonkowi, lecz obawiam się, że nie mogę spełnić tej prośby, ponieważ jest on już posiadaczem znacznych posiadłości w moim królestwie. Zamiast tego, wysyłam ci {reg6} denarów na pokrycie kosztów kampanii, lecz {s2} w ręcę osoby o imieniu {s5}''.
menu_leave_faction|Wyrzeczenie się wierności to poważna decyzja. Twój pan może cię wywłaszczyć i skonfiskować twoje ziemie oraz posiadłości. Jeśli jednak zwrócisz je z własnej woli, może uda ci się uniknąć walki.
mno_leave_faction_give_back|Wyrzeknij się wierności i oddaj posiadłości.
mno_leave_faction_hold|Wyrzeknij się wierności i obierz w całkowite posiadanie swoje ziemie i {s2}.
mno_leave_faction_cancel|Zachowaj lojalność i przyjmij decyzję.
menu_give_center_to_player|Twój pan skład ci ofertę rozszerzenia twojego lenna! {s1} przesyła wiadomość, że chce przekazać {s2} w zapłacie za twoją lojalną służbę, powiększając twój majątek. Jak brzmi twoja odpowiedź?
mno_give_center_to_player_accept|Przyjmij decyzję.
mno_give_center_to_player_reject|Odmów. Nie interesuje cię {s2}.
menu_give_center_to_player_2|Po krótkiej ceremonii otrzymujesz oficjalne potwierdzenie, że zostajesz nowym władcą miejscowości o nazwie {s2}{reg3? oraz przyległej wioski {s4}:}. {reg3?Staną się one:Stanie się to} dobrym dodatkiem do twojego lenna. Możesz teraz spodziewać się pieniędzy z twoich osobistych posiadłości, werbować żołnierzy z miejscowej populacji i zarządzać ziemią według własnego uznania. Oczekuje się również od ciebie gotowości do obrony swojego lenna wraz z jego mieszkańcami oraz utrzymywania prawa i porządku.
menu_oath_fulfilled|Od jakiegoś czasu posiadasz umowę z osobą o imieniu {s1}, mówiącą o służbie dla niego przez określony czas. Twój kontrakt teraz wygasł. Co zrobisz?
mno_renew_oath|Odnów umowę z osobą o imieniu {s1} na następny miesiąc.
mno_dont_renew_oath|Uwolnij się od zobowiązania.
menu_siege_started_defender|{s1} przeprowadza atak na {s2}. Stosunek liczebności twojego oddziału do oddziału przeciwnika wynosi {reg10} do {reg11}. Decydujesz się...
mno_siege_defender_join_battle|Dołączyć do bitwy.
mno_siege_defender_troops_join_battle|Rozkazać żołnierzom, by dołączyli do walki bez ciebie.
menu_siege_join_defense|{s4}^^Twoje straty: {s8}^^Straty sojusznika: {s9}^^Straty wroga: {s10}
menu_enter_your_own_castle|{s10}
menu_village|{s10} {s12}^{s11}^{s6}{s7}
mno_village_manage|Zarządzaj wioską.
mno_recruit_volunteers|Werbuj ochotników.
mno_village_center|Przejdź do centrum wioski.
mno_village_center_door|Drzwi do centrum wioski.
mno_village_buy_food|Kup zapasy od chłopów.
mno_village_attack_bandits|Zaatakuj bandytów.
mno_village_wait|Zaczekaj przez jakiś czas
mno_collect_taxes_qst|{reg5?Kontynuuj zbieranie podatków:Zbierz podatki}, jak rozkazał {s1}.
mno_train_peasants_against_bandits_qst|Wyszkol chłopów.
mno_village_hostile_action|Podejmij wrogie działania.
mno_village_leave|Odejdź...
menu_village_hostile_action|Jakie działanie masz na myśli?
mno_village_take_food|Zmuś chłopów do wydania ci zapasów.
mno_village_steal_cattle|Ukradnij bydło.
mno_village_loot|Ograb wioskę, a następnie zrównaj ją z ziemią.
menu_recruit_volunteers|{s18}
mno_continue_not_enough_gold|Nie mam wystarczającej ilości pieniędzy...
mno_recruit_them|Zwerbuj ich ({reg6} denarów).
menu_village_hunt_down_fugitive_defeated|Silne uderzenie uciekiniera powala cię na ziemię, po chwili tracisz przytomność. Mija czas... Kiedy otwierasz oczy, znajdujesz na sobie krew, lecz na szczęście żadna z ran nie okazała się śmiertelna.
menu_village_infest_bandits_result|{s9}
menu_village_infestation_removed|Wraz ze swoimi ludźmi, w bitwie godnej pieśni, przeganiasz bandytów z wioski, która znów staje się bezpieczna. Wieśniakom niewiele zostało po tych ciężkich przejściach, lecz w zamian dają ci to, co zdołali zgromadzić.
mno_village_bandits_defeated_accept|Zabierz to, co ci się należy.
mno_village_bandits_defeated_cont|Odmów, mówiąc, że potrzebują tych rzeczy bardziej, niż ty.
menu_center_manage|{s19}^{reg6?^^{s7} jest obecnie w trakcie budowy, która zostanie zakończona za około {reg8} dniach{reg9?.:}:}
mno_center_build_manor|Zbuduj dwór.
mno_center_build_fish_pond|Zbuduj młyn.
mno_center_build_watch_tower|Zbuduj wieżę strażniczą.
mno_center_build_school|Zbuduj szkołę.
mno_center_build_messenger_post|Zbuduj siedzibę posłańców.
mno_center_build_prisoner_tower|Zbuduj wieżę więzienną.
menu_center_improve|{s19} Jako członek drużyny o najwyższych umiejętnościach inżynieryjnych ({reg2}) {reg3?oceniasz:{s3} ocenia}, że {s4} wymaga poświęcenia {reg5} denarów oraz {reg6} dni na wybudowę tej konstrukcji.
mno_improve_cont|Kontynuuj.
mno_improve_not_enough_gold|Nie mam odpowiedniej liczby pieniędzy.
menu_town_bandits_failed|{s4} {s5}
menu_town_bandits_succeeded|Bandyci padają przed tobą, jak zboże pod kosą! Po chwili zostajesz samotnie na ulicy, podczas gdy większość napastników leży nieprzytomna, martwa lub umierająca. Po przeszukaniu ciał odnajdujesz sakiewkę, która musiała należeć do poprzedniej ofiary tych brutali. A może dał im ją ktoś, kto zaplanował szybkie zakończenie twojego żywota?
menu_village_steal_cattle_confirm|Jako członek drużyny o najwyższych umiejętnościach plądrowania, ({reg2}), {reg3?oceniasz:{s3} ocenia}, że zdołasz ukraść {reg4} szt. bydła z tej wioski.
mno_village_steal_cattle_confirm|Kontynuuj.
menu_village_steal_cattle|{s1}
menu_village_take_food_confirm|Trudno będzie zmusić chłopów do przekazania swoich cennych zapasów. Uznajesz, że będziesz potrzebować przynajmniej godziny.
mno_village_take_food_confirm|Ruszaj.
menu_village_take_food|Wieśniacy niechętnie przynoszą to, co mają dla ciebie.
mno_take_supplies|Zabierz zapasy.
mno_let_them_keep_it|Pozwól im je zatrzymać.
menu_village_start_attack|Część zdenerwowanych wieśniaków chwyta za narzędzia i wygląda na to, że czeka cię walka, jeśli dalej będziesz im grozić.
mno_village_raid_attack|Zaatakuj ich.
mno_village_raid_leave|Zostaw wioskę w spokoju.
menu_village_loot_no_resist|Wieśniaków jest niewielu i są wystraszeni, szybko więc rozbiegają się i uciekają. Wioska jest zdana na twoją łaskę.
menu_village_loot_complete|Na twój rozkaz żołnierze plądrują wioskę, zagarniając wszystko, co ma jakąkolwiek wartość, po czym podpalają chaty. Ze znalezionych monet i kosztowności odbierasz swój udział w wysokości {reg1} denarów.
menu_village_loot_defeat|Walcząc z odwagą i determinacją, wieśniacy utrzymują się i odpierają atak twoich żołnierzy.
menu_village_loot_continue|Czy chcesz dalej plądrować tę wioskę?
mno_disembark_yes|Tak.
mno_disembark_no|Nie.
menu_close|Nic.
menu_town|{s10} {s14}^{s11}{s12}{s13}
mno_castle_castle|Idź do sali Lorda{s1}.
mno_castle_castle_door|Drzwi do zamku.
mno_join_tournament|Dołącz do turnieju.
mno_town_castle|Idź do zamku{s1}.
mno_town_castle_door|Drzwi do zamku.
mno_town_center|Przespaceruj się po ulicach.
mno_town_center_door|Drzwi do centrum miasta.
mno_town_tavern|Odwiedź tawernę.
mno_town_tavern_door|Drzwi do tawerny.
mno_town_merchant|Porozmawiaj z kupcem.
mno_town_merchant_door|Drzwi do sklepu.
mno_town_arena|Wejdź na arenę.
mno_town_arena_door|Drzwi na arenę.
mno_town_dungeon|Nigdy nie wchodź do więzienia.
mno_town_dungeon_door|Drzwi do lochu.
mno_castle_inspect|Przespaceruj się po dziedzińcu.
mno_castle_inspect_door|Idź na dziedziniec zamkowy.
mno_town_enterprise|Odwiedć swoją faktorię - {s3}.
mno_town_enterprise_door|Drzwi do twojej faktorii.
mno_visit_lady|Spróbuj odwiedzić damę.
mno_visit_lady_door|Drzwi do ogrodu.
mno_trade_with_merchants|Idź na rynek.
mno_walled_center_manage|Zarządzaj {reg0?miastem:zamkiem}.
mno_walled_center_move_court|Przenieś tu swój dwór.
mno_castle_station_troops|Zarządzaj garnizonem {s10}
mno_castle_wait|Zaczekaj przez jakiś czas{s1}.
mno_town_leave|Odejdź...
mno_town_leave_door|Opuść obszar.
menu_cannot_enter_court|W posiadłości lorda trwa wielka uczta, niestety, nie posiadasz odpowiedniego statusu, by dostać na nią zaproszenie. Może zwiększenie twojej renomy pozwoliłoby dostać się do środka. Możesz również spróbować wyróżnić się na trwającym podczas uczty turnieju...
menu_lady_visit|Kogo chcesz odwiedzić?
mno_visit_lady_1|Odwiedź {s12}.
mno_visit_lady_2|Odwiedź {s12}.
mno_visit_lady_3|Odwiedź {s12}.
mno_visit_lady_3_door|Drzwi do ogrodu.
mno_visit_lady_4|Odwiedź {s12}.
mno_visit_lady_5|Odwiedź {s12}.
mno_visit_lady_6|Odwiedź {s12}.
mno_visit_lady_7|Odwiedź {s12}.
mno_visit_lady_8|Odwiedź {s12}.
menu_town_tournament_lost|Zostajesz wyeliminowan{y/a} z turnieju.{s8}
menu_town_tournament_won|Wygrywasz turniej w miejscowości {s3}! Przepełnia cię duma, a tłum skanduje twoje imię. Oprócz honoru i sławy zdobywasz również nagrodę w wysokości {reg9} denarów. {s8}
menu_town_tournament_won_by_another|Jako {reg3?jedyny wojownik:jedyna osoba} bez porażki tego dnia, {s1} wygrywa turniej i zdobywa chwałę.
menu_town_tournament|{s1}Obecnie jesteś w {reg0} fazie turnieju, w którym pozostało {reg1} uczestników. W następnej rundzie wezmą udział {reg2} drużyny składające się z {reg3} {reg4?walczących:walczącego}.
mno_tournament_view_participants|Zobacz uczestników.
mno_tournament_bet|Postaw na siebie.
mno_tournament_join_next_fight|Walcz w następnej rundzie.
mno_leave_tournament|Wycofaj się z turnieju.
menu_tournament_withdraw_verify|Czy na pewno chcesz wycofać się z turnieju?
mno_tournament_withdraw_yes|Tak, to bezsensowny pokaz siły.
mno_tournament_withdraw_no|Nie, póki mam szansę na zwycięstwo, wezmę w nim udział.
menu_tournament_bet|Zakłady na twoją osobę wynoszą {reg5} do {reg6}.{reg1? {reg3?Postawiłaś:Postawiłeś} już na siebie {reg1} denarów. Jeśli wygrasz, zdobędziesz {reg2} denarów.:} Ile chcesz postawić?
mno_bet_100_denars|100 denarów.
mno_bet_50_denars|50 denarów.
mno_bet_20_denars|20 denarów.
mno_bet_10_denars|10 denarów.
mno_bet_5_denars|5 denarów.
menu_tournament_bet_confirm|Jeśli postawisz {reg1} denarów, zarobisz {reg2} denarów po wygraniu turnieju. Odpowiada ci to?
mno_tournament_bet_accept|Postaw na siebie.
mno_tournament_bet_cancel|Zrezygnuj.
menu_tournament_participants|Pytasz o nazwiska uczestników turnieju jednego z krzyczących. Są to:^{s11}
menu_collect_taxes|Jako członek drużyny o najwyższych umiejętnościach handlowych, ({reg2}), {reg3?oceniasz:{s1} ocenia}, że zebranie podatków z tego miejsca wyniesie {reg4} dni.
mno_start_collecting|Rozpocznij zbieranie.
mno_collect_later|Odłóż to na później.
menu_collect_taxes_complete|Udało ci się zebrać {reg3} denarów z podatków z miejscowości {s3}. {s19} oczekuje, że przekażesz mu te pieniądze.
menu_collect_taxes_rebels_killed|Twoje szybkie działania i silna ręka sprawiają, że tłumisz rewoltę. Po tym wydarzeniu z całą pewnością każdy, kto myślał o buncie, zastanowi się dwukrotnie.
menu_collect_taxes_failed|Zanim wybuchła rewolta udało ci się zebrać tylko {reg3} denarów z {s3}. {s1} nie będzie zadowolony, ale trochę srebra z pewnością będzie lepsze, niż nic...
menu_collect_taxes_revolt_warning|Ludzie z miejscowości {s3} reagują wściekłością na twoje żądania i uznają je jako zwykłe zdzierstwo. Stają się bardzo niespokojni i mogą popaść w furię, jeśli będziesz dalej naciskać.
mno_continue_collecting_taxes|Zignoruj ich i kontynuuj.
mno_halve_taxes|Zmniejsz kwotę o połowę. ({s1} może być niezadowolony)
menu_collect_taxes_revolt|Zbieranie podatków w miejscowości {s3} zostaje przerwane. Duża banda rozjuszonych {reg9?chłopów:mieszczan} pojawia się w pobliżu, wykrzykując obelgi na temat nieludzkich podatków, wymachując pochodniami i bronią. Wygląda na to, że chcą z tobą walczyć!
menu_train_peasants_against_bandits|Jako członek drużyny o najwyższych umiejętnościach szkolenia, ({reg2}), {reg3?oceniasz:{s3} ocenia}, że zebranie chłopów gotowych do nauki potrwa {reg4} godz.
mno_make_preparation|Wyszkol ich.
mno_train_later|Odłóż to na później.
menu_train_peasants_against_bandits_ready|Przekazujesz chłopom podstawy walki, dyscypliny i posłuszeństwa. Uznajesz, że {reg0} z nich {reg1?pojęło:pojął} istotę szkolenia oraz że {reg1?jest gotowych:jest gotów} do ćwiczeń.
mno_peasant_start_practice|Rozpocznij ćwiczenia z walki.
menu_train_peasants_against_bandits_training_result|{s0}
menu_train_peasants_against_bandits_attack|Kiedy przygotowujesz się do dalszej części szkolenia, podbiega do ciebie strażnik z wioski, bijąc na alarm. Bandyci pojawili się na horyzoncie i zmierzają w stronę wsi {s3}. Starszy błaga, byście zorganizowali nowo wyszkoloną bojówkę i stawili im czoła.
mno_peasants_against_bandits_attack_resist|Przygotuj się do walki!
menu_train_peasants_against_bandits_attack_result|{s9}
menu_train_peasants_against_bandits_success|Bandyci zostali rozbici! Ci, którzy przetrwali, uciekają gdzie pieprz rośnie, przerażeni skutecznością chłopów oraz ich {nowego mistrza/nowej mistrzyni}. Wieśniakom niewiele zostało po tych ciężkich przejściach, lecz w zamian dają ci to, co zdołali zgromadzić.
menu_disembark|Czy chcesz wyjść na ląd?
menu_ship_reembark|Czy chcesz wejść na pokład?
mno_reembark_yes|Tak.
mno_reembark_no|Nie.
menu_center_reports|Nazwa miasta: {s1}^Zysk z dzierżawy: {reg1} denarów^Zysk z cła: {reg2} denarów^Zapas żywności na: {reg3} dni
mno_to_price_and_productions|Pokaż ceny i produkcję.
menu_price_and_production|Produkcja:^(Notatka: podstawa/modyfikowana przez surowe materiały/modyfikowana przez materiały plus dobrobyt)^{s1}^^Czynniki cenowe:^{s2}
menu_town_trade|Kierujesz się w stronę rynku.
mno_assess_prices|Oszacuj miejscowe ceny.
mno_trade_with_arms_merchant|Dobij targu z handlarzem bronią.
mno_trade_with_armor_merchant|Dobij targu z handlarzem zbrojami.
mno_trade_with_horse_merchant|Dobij targu z handlarzem końmi.
mno_trade_with_goods_merchant|Dobij targu z handlarzem towarami.
mno_back_to_town_menu|Wróć.
menu_town_trade_assessment_begin|Podsłuchujesz kilka rozmów na temat cen towarów w najbliższym rejonie.^Słuchasz uważnie, próbując wyłapać najkorzystniejsze transakcje.
menu_town_trade_assessment|Jako członek drużyny o najwyższych umiejętnościach handlowych, ({reg2}), {reg3?próbujesz ocenić:{s1} próbuje ocenić}, którymi towarami najlepiej jest handlować. {s2}
menu_sneak_into_town_suceeded|W przebraniu ubogiego pielgrzyma, udaje ci się ominąć straże i wejść do miasta.
menu_sneak_into_town_caught|Kiedy próbujesz się przekraść, jeden ze strażników rozpoznaje cię i podnosi alarm! Musisz przedostać się przez bramę miasta, zanim będziesz mia{ł/ła} na głowie wszystkich strażników!
mno_sneak_caught_fight|Spróbuj uciec!
mno_sneak_caught_surrender|Poddaj się.
menu_sneak_into_town_caught_dispersed_guards|Wyprzedzasz strażników i zacierasz ślady, z łatwością gubiąc pogoń w labiryncie ulic.
menu_sneak_into_town_caught_ran_away|Udaje ci się wybiec przez bramę i ukryć w okolicznych terenach.{s11}
menu_enemy_offer_ransom_for_prisoner|{s2} oferuje ci sumę {reg12} denarów w srebrze, w zamian za twojego więźnia, którym jest {s1}.
mno_ransom_accept|Przyjmij ofertę.
mno_ransom_reject|Odrzuć ofertę.
menu_training_ground|Zbliżasz się do miejsca, gdzie możesz ćwiczyć sztuki walki. Co chcesz teraz zrobić?
mno_camp_trainer|Porozmawiać z nauczycielem.
mno_camp_train_melee|Ćwiczyć walkę wręcz.
mno_camp_train_archery|Ćwiczyć umiejętności strzeleckie.
mno_camp_train_mounted|Ćwiczyć jazdę konną.
menu_training_ground_selection_details_melee_1|Z iloma przeciwnikami chcesz się zmierzyć?
mno_camp_train_melee_num_men_1|Z jednym.
mno_camp_train_melee_num_men_2|Z dwoma.
mno_camp_train_melee_num_men_3|Z trzema.
mno_camp_train_melee_num_men_4|Z czterema.
menu_training_ground_selection_details_melee_2|Wybierz swojego przeciwnika nr {reg1}:
mno_training_ground_selection_details_melee_random|Wybierz losowo.
menu_training_ground_selection_details_mounted|Jakim rodzajem broni chcesz ćwiczyć?
mno_camp_train_mounted_details_1|Bronią jednoręczną.
mno_camp_train_mounted_details_2|Bronią drzewcową.
mno_camp_train_mounted_details_3|Łukiem.
mno_camp_train_mounted_details_4|Bronią miotaną.
menu_training_ground_selection_details_ranged_1|Jakim rodzajem broni dystansowej chcesz ćwiczyć?
mno_camp_train_ranged_weapon_bow|Łukiem.
mno_camp_train_ranged_weapon_crossbow|Kuszą.
mno_camp_train_ranged_weapon_thrown|Nożami do rzucania.
menu_training_ground_selection_details_ranged_2|Określ w jakiej odległości mają znajdować się cele:
mno_camp_train_ranged_details_1|10 jardów.
mno_camp_train_ranged_details_2|20 jardów.
mno_camp_train_ranged_details_3|30 jardów.
mno_camp_train_ranged_details_4|40 jardów.
mno_camp_train_ranged_details_5|50 jardów.
mno_camp_train_ranged_details_6|60 jardów.
mno_camp_train_ranged_details_7|70 jardów.
menu_training_ground_description|{s0}
menu_training_ground_training_result|{s7}{s2}
menu_marshall_selection_candidate_ask|{s15} wkrótce wybierze nowego marszałka dla: {s23}. Część lordów wskazała ciebie, jako odpowiedniego kandydata.
mno_marshall_candidate_accept|Niech {s15} dowie się, że chcesz służyć jako marszałek.
mno_marshall_candidate_reject|Powiedz wszystkim, że nie masz na to czasu.
menu_captivity_avoid_wilderness|Nagle cały świat wokół ciebie ciemnieje. Wiele godzin później odzyskujesz świadomość i znajdujesz się w tym samym miejscu, w którym cię powalono. Twoi wrogowie musieli uznać, że nie żyjesz i zostawili cię tutaj. Żadna z twoich ran nie była jednak śmiertelna i choć czujesz się okropnie, wciąż możesz chodzić. Wstajesz i rozpoczynasz poszukiwania innych ocalałych z twojej drużyny.
menu_captivity_start_wilderness|Resztka
menu_captivity_start_wilderness_surrender|Resztka
menu_captivity_start_wilderness_defeat|Twoi wrogowie biorą cię do niewoli.
menu_captivity_start_castle_surrender|Resztka
menu_captivity_start_castle_defeat|Resztka
menu_captivity_start_under_siege_defeat|Twoi wrogowie biorą cię do niewoli.
menu_captivity_wilderness_taken_prisoner|Twoi wrogowie biorą cię do niewoli.
menu_captivity_wilderness_check|stub (fragment kodu)
menu_captivity_end_wilderness_escape|Po wielu bolesnych dniach spędzonych w niewoli, trafiasz na okazję i uciekasz swoim prześladowcom!
menu_captivity_castle_taken_prisoner|Błyskawicznie otaczają cię straże i odbierają broń. Klnąc i ubliżając ci, wrzucają cię do lochu, gdzie musisz spędzić żałosne dni swojej niewoli.
menu_captivity_rescue_lord_taken_prisoner|Pozostajesz w ukryciu tak długo, jak to możliwe. Strażnicy wpadli w szał i biją cię wściekle przed wrzuceniem z powrotem do celi na Bóg wie jak długo...
menu_captivity_castle_check|resztka
menu_captivity_end_exchanged_with_prisoner|Po wielu dniach spędzonych w niewoli, wychodzisz w końcu na wolność, kiedy twoi dręczyciele wymieniają cię na innego więźnia.
menu_captivity_end_propose_ransom|Spędzasz długie godziny w mrocznym, wilgotnym lochu. Nagle jeden z twoich dręczycieli przychodzi do twojej celi z propozycją uwolnienia w zamian za {reg5} denarów z twojego ukrytego skarbu. Decydujesz, by...
mno_captivity_end_ransom_accept|Przyjąć ofertę.
mno_captivity_end_ransom_deny|Odmówić mu, czekając na coś lepszego.
menu_captivity_castle_remain|Mijają kolejne dni w ciemnej celi. Starasz się je przetrwać, wytrzymując kopniaki i przekleństwa strażników oraz patrząc, jak słabnie twoje niedożywione ciało...
menu_kingdom_army_quest_report_to_army|{s8} przesyła wieść, że chce twojej obecności w swojej nowej kampanii wojskowej. Musisz przyprowadzić przynajmniej {reg13} żołnierzy do armii i rozpocząć natychmiastowy werbunek, jeśli nie masz odpowiedniej liczby ludzi.
menu_kingdom_army_quest_messenger|{s8} przesyła wiadomość, że chce porozmawiać z tobą na temat pewnego zadania. Prosi o jak najszybsze przybycie i spotkanie z tobą.
menu_kingdom_army_quest_join_siege_order|{s8} przesyła wiadomość, że twoim zadaniem jest dołączyć do oblężenia ({s9}) i przygotować się do ataku. Twoi żołnierze muszą za wszelką cenę zająć: {s9}.
menu_kingdom_army_follow_failed|Nie podążasz za oddziałem, którym dowodzi {s8}. Marszałek zakłada, że był{eą/aś} związan{y/a} inną umową, jednak byłby wdzięczny za wsparcie.
menu_invite_player_to_faction_without_center|Otrzymujesz ofertę wasalstwa!^^ {s8} ({s9}) wysłał posłańca, który przyniósł ci za zalakowaną wiadomość. Z treści wynika, iż {s8} - pan, pod którego panowaniem znajduje się {s9} - oferuje ci zaszczyt złożenia mu przucięgi wierności i zostania jego wasalem. W zamian przyjdzie ci brać udział w jego wojskowych kampaniach. Nie otrzymasz jednak żadnej ziemi ani tytułów. Z pewnością będzie urażony, jeśli nie przyjmiesz oferty...
mno_faction_accept|Zaakceptuj!
mno_faction_reject|Odrzuć zaproszenie.
menu_invite_player_to_faction|Otrzymujesz ofertę wasalstwa!^^ {s8} ({s9}) wysłał posłańca, który przyniósł ci za zalakowaną wiadomość. Z treści wynika, iż {s8} - pan, pod którego panowaniem znajduje się {s9} - oferuje ci zaszczyt złożenia mu przucięgi wierności i zostania jego wasalem. W zamian przyjdzie ci brać udział w jego wojskowych kampaniach. Za swoją lojalną służbę otrzymasz {s2} jako lenno. Z pewnością będzie urażony, jeśli nie przyjmiesz oferty...
menu_invite_player_to_faction_accepted|Aby zostać wasalem, musisz złożyć przysięgę wierności wobec osoby o imieniu {s3}. Musisz odszukać go i osobiście złożyć przysięgę. {s5}
menu_question_peace_offer|Otrzymujesz propozycję zawarcia pokoju^^{s1} oferuje pakt pokojowy. Jak brzmi twoja odpowiedź?
mno_peace_offer_accept|Zaakceptuj
mno_peace_offer_reject|Odmów
menu_notification_truce_expired|Rozejm dobiegł końca^^Rozejm, który zawarli {s1} i {s2} dobiegł końca.
menu_notification_feast_quest_expired|{s10}
menu_notification_sortie_possible|Zauważono wroga tuż za murami {s4}. {s5} i inni szykują się na wypad. Jeśli chcesz, możesz do nich dołączyć.
menu_notification_casus_belli_expired|Królestwo nie odpowiada^^{s1} nie odpowiada na prowokacje, do których ucieka się {s2}, a {s3} traci wiele w oczach {reg4?jej:jego} bardziej wojowniczych poddanych…
menu_notification_lord_defects|Zdrada: {s4} opuścił {s5} zabierając ze sobą wszystkie swoje lenna. {s7} jest teraz {reg4?jej:jego} nowym państwem. 
menu_notification_treason_indictment|Oskarżenie o zdradę!^^{s9}
menu_notification_border_incident|Incydent graniczny!^^Otrzymujesz wieści, że wydarzył się incydent - {s9}. Mimo że nie wiesz, czy plotki są prawdziwe, zdajesz sobie sprawę z jednej rzeczy - {s4}, przez to mało znaczące wydarzenie, gotuje się do walki, a obecnie dużo łatwiej będzie przekonać pozostałych lordów do wzięcia udziału w wojnie, w której wrogiem będzie {s3}...
menu_notification_player_faction_active|Posiadasz teraz ziemię na swoje imię, bez przywiązania do żadnego królestwa. Stawia cię to w pozycji monarchy, a twoja tymczasowa stolica to {s12}. Ciesz się tą wolnością, lecz pamiętaj, że inni królowie Calradii będą postrzegać cię jako zagrożenie, ponieważ teraz na pewno znajdzie się ktoś, kto zakwestionuje ich prawo do panowania.^^Na tym etapie możesz zechcieć związać się z którymś z istniejących królestw. Jeśli jednak chcesz pozostać {suwerennym monarchą/suwerenną monarszynią}, musisz zadbać o legitymizowane prawo do tronu. Możesz je uzyskać na kilka sposobów: wyjść za osobę wysokiego rodu, rekrutując nowych lordów, zarządzając swoimi ziemiami, paktując z innymi królami lub ekspediując swoich kompanów na różnego rodzaju misje.^^Cokolwiek wybierzesz, twoim pierwszym krokiem powinien być wybór pierwszego ministra, który zajmie się sprawami wewnętrznymi królestwa. Twoi towarzysze różnią się umiejętnościami.^Od czasu do czasu możesz mianować nowych ministrów. Rozmawiając z ministrem, możesz również zmienić lokalizację swojego dworu.
mno_appoint_spouse|Mianuj współmałżonka, którym jest {s10}...
mno_appoint_npc1|Mianuj osobę o imieniu {s10}
mno_appoint_npc2|Mianuj osobę o imieniu {s10}
mno_appoint_npc3|Mianuj osobę o imieniu {s10}
mno_appoint_npc4|Mianuj osobę o imieniu {s10}
mno_appoint_npc5|Mianuj osobę o imieniu {s10}
mno_appoint_npc6|Mianuj osobę o imieniu {s10}
mno_appoint_npc7|Mianuj osobę o imieniu {s10}
mno_appoint_npc8|Mianuj osobę o imieniu {s10}
mno_appoint_npc9|Mianuj osobę o imieniu {s10}
mno_appoint_npc10|Mianuj osobę o imieniu {s10}
mno_appoint_npc11|Mianuj osobę o imieniu {s10}
mno_appoint_npc12|Mianuj osobę o imieniu {s10}
mno_appoint_npc13|Mianuj osobę o imieniu {s10}
mno_appoint_npc14|Mianuj osobę o imieniu {s10}
mno_appoint_npc15|Mianuj osobę o imieniu {s10}
mno_appoint_npc16|Mianuj osobę o imieniu {s10}
mno_appoint_default|Mianuj wpływowego obywatela z regionu...
menu_minister_confirm|{s9}rezyduje na twoim dworze w miejscu o nazwie {s12}. Konsultuj się z nim regularnie, by uniknąć kumulacji nierozwiązanych spraw, ponieważ może to podkopać twoją pozycję...
menu_notification_court_lost|{s12}
menu_notification_player_faction_deactive|Twoje królestwo nie posiada już żadnych ziem.
menu_notification_player_wedding_day|{s8} pragnie poinformować, że przygotowania do twojego ślubu, który odbędzie się w {s10}, zostały ukończone i z niecierpliwością oczekują twojej osoby.
menu_notification_player_kingdom_holds_feast|{s11}
menu_notification_center_under_siege|{s2} ({s3}) oblega {s1}!
menu_notification_village_raided|Wróg zniszczył lenno!^^{s2} ({s3}) najechał {s1}!
menu_notification_village_raid_started|Twoja wioska jest atakowana!^^{s2} ({s3}) sieje spustoszenie w miejscowości {s1}.
menu_notification_one_faction_left|Calradia podbita przez jedno królestwo^^{s1} pokonała wszystkich rywali i pozostała jednym królestwem.
menu_notification_oath_renounced_faction_defeated|Twoja stara frakcja została pokonana^^Zwyciężasz w bitwie przeciwko: {s1}! W ten sposób kończy się konflikt, który rozpoczął się po złożeniu im przysięgi wierności.
menu_notification_center_lost|Majątek został utracony!^^{s2} odbiera ci {s1}.
menu_notification_troop_left_players_faction|Zdrada!^^{s1} opuścił: {s2} i dołączył do: {s3}.
menu_notification_troop_joined_players_faction|Dobre wieści!^^{s1} opuścił: {s2} i dołączył do: {s3}.
menu_notification_war_declared|Deklaracja wojny!^^{s1} i {s2} wchodzą w stan wojny!
menu_notification_peace_declared|Traktat pokojowy!^^{s1} i {s2} zawierają pokój!^{s57}
menu_notification_faction_defeated|Frakcja wyeliminowana!^^{s1} przestaje istnieć!
menu_notification_rebels_switched_to_faction|Sukces rebelii!^^ Rebelia zakończyła się sukcesem! {s12} zasiądzie na tronie, jako jedyny i prawity władca. Od dziś {s11} ma nowego przywódcę.
menu_notification_player_should_consult|Twój minister przesyła wiadomość o problemach w królestwie, których zaniedbanie może poważnie podkopać twoją pozycję. Skontaktuj się z nim jak najszybciej
menu_notification_player_feast_in_progress|Przygotowania do uczty^^Twoja żona rozpoczęła przygotowania do uczty, która odbędzie się w twojej posiadłości w {s11}
menu_notification_lady_requests_visit|Wiekowa kobieta zbliża się do twojej drużyny i przekazuje jednemu z twoich ludzi zapieczętowany gładkim woskiem list. Jest zaadresowany do ciebie. Po otwarciu koperty, okazuje się, że przysyła go {s15}. Treść listu brzmi: ''Twoja ostatnia wizyta bardzo mi się podobała. {s14} Przebywam obecnie w miejscowości o nazwie {s10}.{s12}''
menu_garden|{s12}
mno_nurse|Zaczekaj przy strumieniu.
menu_kill_local_merchant_begin|Zauważasz swoją ofiarę i podążasz za nią, obserwując, jak skręca w ciemną alejkę. To z pewnością będzie najlepsza okazja do ataku.
menu_debug_alert_from_s65|INFORMACJA DEBUGERA: {s65}
menu_auto_return_to_map|stub (fragment kodu)
menu_bandit_lair|{s3}
mno_continue_1|Zaatakuj kryjówkę...
mno_leave_no_attack|Odejdź...
mno_leave_victory|Kontynuuj...
mno_leave_defeat|Kontynuuj...
menu_notification_player_faction_political_issue_resolved|Po naradzie z możnymi królestwa, {s10} postanowił przyznać {s11} osobie o imieniu {s12}.
menu_notification_player_faction_political_issue_resolved_for_player|Po naradzie z możnymi królestwa, {s10} postanowił przyznać {s11} tobie. Możesz odmówić przyjęcia tego zaszczytu, ale może to oznaczać, że przez jakiś czas nie będziesz otrzymywać innych nagród.{s12}
mno_accept|Przyjmij zaszczyt
mno_decline|Odmów przyjęcia zaszczytu
menu_start_phase_3|{s16}^^Czujesz wyczerpanie, nim udaje ci się znaleźć gospodę w miejscowości {s1}, więc szybko zapadasz w sen. Jednakże, budzisz się przed świtem z pragnieniem przyjrzenia się okolicy. Wychodzisz na ulice, które wciąż są opuszczone. Nagle słyszysz dźwięk, od którego dostajesz gęsiej skórki - syk ostrza wysuwającego się z pochwy...
menu_start_phase_4|{s11}
menu_lost_tavern_duel|{s11}
menu_establish_court|Jeśli {s4} ma być twoim dworem, wymaga pewnego odnowienia. Przydadzą ci się narzędzia i bela aksamitu. Przeniesienie tu twych popleczników również może chwilę zająć. Czy chcesz kontynuować?
mno_establish|Wykorzystaj {s4}, jako miejsce swojego dworu
menu_notification_relieved_as_marshal|{s4} pragnie cię poinformować, że nie musisz już służyć jako marszałek. Aby uhonorować twe działania w imieniu królestwa w ciągu ostatnich {reg4} dni, darowuje ci sakiewkę zawierającą {reg5} denarów.
